"name","ticker","cname","link","total","liquidity","developer","community"
"10M Token","10MT","10m-token","https://www.coingecko.com/en/coins/10m-token",5.1,1,0,6.5
"1337","1337","1337","https://www.coingecko.com/en/coins/1337",34,26,39,12
"2GIVE","2GIVE","2give","https://www.coingecko.com/en/coins/2give",30,31,9.4,24
"300 Token","300","300-token","https://www.coingecko.com/en/coins/300-token",200,200,200,200
"ALIS","ALIS","alis","https://www.coingecko.com/en/coins/alis",33,23,39,8.5
"ALQO","ALQO","alqo","https://www.coingecko.com/en/coins/alqo",31,22,17,24
"APEXcoin","APEX","apexcoin","https://www.coingecko.com/en/coins/apexcoin",8.6,0,13,9.9
"APX","APX","apx","https://www.coingecko.com/en/coins/apx",21,20,0,7.6
"ARCHcoin","ARCH","archcoin","https://www.coingecko.com/en/coins/archcoin",13,0,35,6.8
"ATBCoin","ATB","atbcoin","https://www.coingecko.com/en/coins/atbcoin",25,8.2,0,30
"ATC Coin","ATCC","atc-coin","https://www.coingecko.com/en/coins/atc-coin",200,200,200,200
"ATLANT","ATL","atlant","https://www.coingecko.com/en/coins/atlant",40,26,42,31
"ATMChain","ATM","atmchain","https://www.coingecko.com/en/coins/atmchain",32,32,12,22
"ATMCoin","ATMC","atmcoin","https://www.coingecko.com/en/coins/atmcoin",17,70,0,0
"Abjcoin","ABJ","abjcoin","https://www.coingecko.com/en/coins/abjcoin",22,1,16,14
"Achain","ACT","achain","https://www.coingecko.com/en/coins/achain",47,46,63,17
"Acoin","ACOIN","acoin","https://www.coingecko.com/en/coins/acoin",23,1,15,27
"AdCoin","ACC","adcoin","https://www.coingecko.com/en/coins/adcoin",24,14,18,18
"AdEx","ADX","adex","https://www.coingecko.com/en/coins/adex",50,57,43,41
"AdShares","ADST","adshares","https://www.coingecko.com/en/coins/adshares",28,17,10,26
"Adelphoi","ADL","adelphoi","https://www.coingecko.com/en/coins/adelphoi",21,1,0,27
"Advanced Internet Block","AIB","advanced-internet-block","https://www.coingecko.com/en/coins/advanced-internet-block",26,1,51,0
"Adzcoin","ADZ","adzcoin","https://www.coingecko.com/en/coins/adzcoin",22,4.4,15,11
"Aeon","AEON","aeon","https://www.coingecko.com/en/coins/aeon",50,37,68,34
"Aerium","AERM","aerium","https://www.coingecko.com/en/coins/aerium",0,0,0,0
"Aeron","ARN","aeron","https://www.coingecko.com/en/coins/aeron",48,71,32,35
"Aeternity","AE","aeternity","https://www.coingecko.com/en/coins/aeternity",57,44,81,39
"Agoras","AGRS","agoras","https://www.coingecko.com/en/coins/agoras",37,32,27,24
"Agrello","DLT","agrello","https://www.coingecko.com/en/coins/agrello",44,52,30,38
"AidBit","AID","aidbit","https://www.coingecko.com/en/coins/aidbit",11,0,28,5.8
"Aiden","ADN","aiden","https://www.coingecko.com/en/coins/aiden",8.6,0,5.8,15
"Aion","AION","aion","https://www.coingecko.com/en/coins/aion",45,59,19,39
"AirSwap","AST","airswap","https://www.coingecko.com/en/coins/airswap",45,64,20,38
"AirToken","AIR","airtoken","https://www.coingecko.com/en/coins/airtoken",34,33,12,32
"Akuya Coin","AKY","akuya-coin","https://www.coingecko.com/en/coins/akuya-coin",200,200,200,200
"AltCommunity Coin","ALTCOM","altcommunity-coin","https://www.coingecko.com/en/coins/altcommunity-coin",19,1,12,7.1
"Altcoin","ALT","altcoin","https://www.coingecko.com/en/coins/altcoin",36,9.8,17,58
"Amber","AMB","amber","https://www.coingecko.com/en/coins/amber",47,54,35,37
"AmberCoin","AMBER","ambercoin","https://www.coingecko.com/en/coins/ambercoin",18,1,14,5.1
"AmsterdamCoin","AMS","amsterdamcoin","https://www.coingecko.com/en/coins/amsterdamcoin",23,5.5,21,9.2
"Animecoin","ANI","animecoin","https://www.coingecko.com/en/coins/animecoin",15,18,14,20
"Anoncoin","ANC","anoncoin","https://www.coingecko.com/en/coins/anoncoin",33,2.9,46,25
"AppCoins","APPC","appcoins","https://www.coingecko.com/en/coins/appcoins",56,75,49,42
"Applecoin","APC","applecoin","https://www.coingecko.com/en/coins/applecoin",7.5,1,14,3.8
"Aragon","ANT","aragon","https://www.coingecko.com/en/coins/aragon",45,43,62,9.7
"Arcade Token","ARC","arcade-token","https://www.coingecko.com/en/coins/arcade-token",29,1,31,18
"ArcticCoin","ARC","arcticcoin","https://www.coingecko.com/en/coins/arcticcoin",30,18,33,12
"Ardor","ARDR","ardor","https://www.coingecko.com/en/coins/ardor",39,46,0,46
"Argentum","ARG","argentum","https://www.coingecko.com/en/coins/argentum",28,2.1,53,6.2
"Argus","ARGUS","argus","https://www.coingecko.com/en/coins/argus",14,1,0,5.5
"Ark","ARK","ark","https://www.coingecko.com/en/coins/ark",54,61,38,51
"ArtByte","ABY","artbyte","https://www.coingecko.com/en/coins/artbyte",32,36,0,37
"Artex Coin","ATX","artex-coin","https://www.coingecko.com/en/coins/artex-coin",12,1,0,0
"Asch","XAS","asch","https://www.coingecko.com/en/coins/asch",42,44,64,0
"Asiacoin","AC","asiacoin","https://www.coingecko.com/en/coins/asiacoin",30,1,38,21
"Asiadigicoin","ADCN","asiadigicoin","https://www.coingecko.com/en/coins/asiadigicoin",19,1,12,17
"Astro","ASTRO","astro","https://www.coingecko.com/en/coins/astro",24,8.5,0,24
"Atmos","ATMS","atmos","https://www.coingecko.com/en/coins/atmos",23,13,14,6.1
"AudioCoin","ADC","audiocoin","https://www.coingecko.com/en/coins/audiocoin",34,32,41,7
"Augur","REP","augur","https://www.coingecko.com/en/coins/augur",64,63,82,47
"Auroracoin","AUR","auroracoin","https://www.coingecko.com/en/coins/auroracoin",41,28,43,34
"Authorship","ATS","authorship","https://www.coingecko.com/en/coins/authorship",25,26,0,16
"Autonio","NIO","autonio","https://www.coingecko.com/en/coins/autonio",25,26,0,11
"Aventus","AVT","aventus","https://www.coingecko.com/en/coins/aventus",34,38,11,30
"Avoncoin","ACN","avoncoin","https://www.coingecko.com/en/coins/avoncoin",7,1,14,2.1
"B2B","B2B","b2b","https://www.coingecko.com/en/coins/b2b",21,4.5,0,14
"B3Coin","B3","b3coin","https://www.coingecko.com/en/coins/b3coin",44,34,59,34
"BCAP","BCAP","bcap","https://www.coingecko.com/en/coins/bcap",21,2.8,0,15
"BITFID","FID","bitfid","https://www.coingecko.com/en/coins/bitfid",0,0,0,0
"BLOCKv","VEE","blockv","https://www.coingecko.com/en/coins/blockv",41,32,33,33
"BOScoin","BOS","boscoin","https://www.coingecko.com/en/coins/boscoin",24,11,45,33
"BRAT","BRAT","brat","https://www.coingecko.com/en/coins/brat",16,6.9,0,6.2
"BTCMoon","BTCM","btcmoon","https://www.coingecko.com/en/coins/btcmoon",4.6,1,0,6.5
"BTSR","BTSR","btsr","https://www.coingecko.com/en/coins/btsr",17,1,0,12
"Bancor Network Token","BNT","bancor-network-token","https://www.coingecko.com/en/coins/bancor-network-token",200,200,200,200
"Bankcoin","B@","bankcoin","https://www.coingecko.com/en/coins/bankcoin",17,1,0,11
"Basic Attention Token","BAT","basic-attention-token","https://www.coingecko.com/en/coins/basic-attention-token",53,65,37,45
"Bastonet","BSN","bastonet","https://www.coingecko.com/en/coins/bastonet",4.6,0,0,7.9
"Bata","BTA","bata","https://www.coingecko.com/en/coins/bata",35,7,52,22
"Beatcoin","XBTS","beatcoin","https://www.coingecko.com/en/coins/beatcoin",200,200,200,200
"Belacoin","BELA","belacoin","https://www.coingecko.com/en/coins/belacoin",28,31,16,7.8
"BenjiRolls","BENJI","benjirolls","https://www.coingecko.com/en/coins/benjirolls",17,1,14,5.2
"BiblePay","BBP","biblepay","https://www.coingecko.com/en/coins/biblepay",22,1,11,21
"Bikercoin","BIC","bikercoin","https://www.coingecko.com/en/coins/bikercoin",8.1,0,12,9.2
"Billionaire Token","XBL","billionaire-token","https://www.coingecko.com/en/coins/billionaire-token",28,18,13,25
"Binance Coin","BNB","binance-coin","https://www.coingecko.com/en/coins/binance-coin",200,200,200,200
"BipCoin","BIP","bipcoin","https://www.coingecko.com/en/coins/bipcoin",19,1,0,21
"Bismuth","BIS","bismuth","https://www.coingecko.com/en/coins/bismuth",49,29,78,24
"Bit20","BTWTY","bit20","https://www.coingecko.com/en/coins/bit20",13,1,0,0
"BitBay","BAY","bitbay","https://www.coingecko.com/en/coins/bitbay",52,53,60,35
"BitBoost","BBT","bitboost","https://www.coingecko.com/en/coins/bitboost",23,21,0,12
"BitCoal","COAL","bitcoal","https://www.coingecko.com/en/coins/bitcoal",16,12,0,0
"BitCrystals","BCY","bitcrystals","https://www.coingecko.com/en/coins/bitcrystals",25,31,0,11
"BitDice","CSNO","bitdice","https://www.coingecko.com/en/coins/bitdice",29,13,13,28
"BitSend","BSD","bitsend","https://www.coingecko.com/en/coins/bitsend",44,44,67,8
"BitSerial","BTE","bitserial","https://www.coingecko.com/en/coins/bitserial",6.2,0,0,14
"BitShares","BTS","bitshares","https://www.coingecko.com/en/coins/bitshares",63,61,81,45
"BitSoar","BSR","bitsoar","https://www.coingecko.com/en/coins/bitsoar",3.2,0,0,2.2
"BitStake","XBS","bitstake","https://www.coingecko.com/en/coins/bitstake",5.9,0,13,0
"BitSwift","SWIFT","bitswift","https://www.coingecko.com/en/coins/bitswift",35,19,41,25
"BitUSD","BITUSD","bitusd","https://www.coingecko.com/en/coins/bitusd",28,48,0,9.1
"BitZeny","ZNY","bitzeny","https://www.coingecko.com/en/coins/bitzeny",27,23,14,12
"Bitair","BTCA","bitair","https://www.coingecko.com/en/coins/bitair",0,0,0,0
"Bitbar","BTB","bitbar","https://www.coingecko.com/en/coins/bitbar",24,1,26,14
"Bitbase","BTBC","bitbase","https://www.coingecko.com/en/coins/bitbase",7.7,0,13,6.9
"Bitbean","BITB","bitbean","https://www.coingecko.com/en/coins/bitbean",40,46,31,27
"Bitcedi","BXC","bitcedi","https://www.coingecko.com/en/coins/bitcedi",13,10,16,15
"Bitcloud","BTDX","bitcloud","https://www.coingecko.com/en/coins/bitcloud",30,5.8,29,26
"Bitcoin","BTC","bitcoin","https://www.coingecko.com/en/coins/bitcoin",91,100,98,88
"Bitcoin Cash","BCH","bitcoin-cash","https://www.coingecko.com/en/coins/bitcoin-cash",72,91,70,55
"Bitcoin Diamond [Futures]","BCD","bitcoin-diamond-[futures]","https://www.coingecko.com/en/coins/bitcoin-diamond-[futures]",200,200,200,200
"Bitcoin Fast","BCF","bitcoin-fast","https://www.coingecko.com/en/coins/bitcoin-fast",20,1.1,14,6.9
"Bitcoin Gold","BTG","bitcoin-gold","https://www.coingecko.com/en/coins/bitcoin-gold",60,72,84,17
"Bitcoin Plus","XBC","bitcoin-plus","https://www.coingecko.com/en/coins/bitcoin-plus",29,23,10,22
"Bitcoin Red","BTCRED","bitcoin-red","https://www.coingecko.com/en/coins/bitcoin-red",17,9,0,5.9
"Bitcoin Scrypt","BTCS","bitcoin-scrypt","https://www.coingecko.com/en/coins/bitcoin-scrypt",27,0.82,37,11
"Bitcoin SegWit2X","BT2","bitcoin-segwit2x","https://www.coingecko.com/en/coins/bitcoin-segwit2x",200,200,200,200
"Bitcoin Silver","BTCS","bitcoin-silver","https://www.coingecko.com/en/coins/bitcoin-silver",5.6,0,0,8.2
"Bitcoin2x","BTC2X","bitcoin2x","https://www.coingecko.com/en/coins/bitcoin2x",5,1,0,7.5
"BitcoinCashScrypt","BCCS","bitcoincashscrypt","https://www.coingecko.com/en/coins/bitcoincashscrypt",6.7,0,16,0
"BitcoinDark","BTCD","bitcoindark","https://www.coingecko.com/en/coins/bitcoindark",38,32,28,27
"BitcoinUltra","BTCU","bitcoinultra","https://www.coingecko.com/en/coins/bitcoinultra",200,200,200,200
"BitcoinX [Futures]","BCX","bitcoinx-[futures]","https://www.coingecko.com/en/coins/bitcoinx-[futures]",14,39,0,7.6
"BitcoinZ","BTCZ","bitcoinz","https://www.coingecko.com/en/coins/bitcoinz",37,23,38,29
"Bitconnect","BCC","bitconnect","https://www.coingecko.com/en/coins/bitconnect",38,58,18,9.2
"Bitcore","BTX","bitcore","https://www.coingecko.com/en/coins/bitcore",42,42,54,13
"Bitdeal","BDL","bitdeal","https://www.coingecko.com/en/coins/bitdeal",24,9.4,15,10
"Bitfinex Bitcoin Future","BT1","bitfinex-bitcoin-future","https://www.coingecko.com/en/coins/bitfinex-bitcoin-future",200,200,200,200
"Bitgem","BTG","bitgem","https://www.coingecko.com/en/coins/bitgem",24,20,14,0
"Bitland","CADASTRAL","bitland","https://www.coingecko.com/en/coins/bitland",16,0,0,10
"Bitleu","BTL","bitleu","https://www.coingecko.com/en/coins/bitleu",12,0,31,6.1
"Bitmark","BTM","bitmark","https://www.coingecko.com/en/coins/bitmark",42,18,53,22
"Bitparkcoin","BPC","bitparkcoin","https://www.coingecko.com/en/coins/bitparkcoin",16,1,0,6.1
"Bitradio","BRO","bitradio","https://www.coingecko.com/en/coins/bitradio",24,2.1,19,18
"Bitstar","BITS","bitstar","https://www.coingecko.com/en/coins/bitstar",27,1,34,21
"Bitz","BITZ","bitz","https://www.coingecko.com/en/coins/bitz",14,1,0,0
"BlackCoin","BLK","blackcoin","https://www.coingecko.com/en/coins/blackcoin",49,51,42,43
"Blackmoon Crypto","BMC","blackmoon-crypto","https://www.coingecko.com/en/coins/blackmoon-crypto",39,44,18,36
"Blakecoin","BLC","blakecoin","https://www.coingecko.com/en/coins/blakecoin",25,1,40,7.3
"Blitzcash","BLITZ","blitzcash","https://www.coingecko.com/en/coins/blitzcash",36,29,53,7.6
"BlockCAT","CAT","blockcat","https://www.coingecko.com/en/coins/blockcat",33,23,17,33
"BlockCDN","BCDN","blockcdn","https://www.coingecko.com/en/coins/blockcdn",14,20,17,13
"BlockMason Credit Protocol","BCPT","blockmason-credit-protocol","https://www.coingecko.com/en/coins/blockmason-credit-protocol",48,58,43,32
"BlockPay","BLOCKPAY","blockpay","https://www.coingecko.com/en/coins/blockpay",16,1,0,6.8
"BlockShares","BKS","blockshares","https://www.coingecko.com/en/coins/blockshares",15,0,44,4.9
"Blockchain Index","BLX","blockchain-index","https://www.coingecko.com/en/coins/blockchain-index",14,1,0,44
"Blocknet","BLOCK","blocknet","https://www.coingecko.com/en/coins/blocknet",51,29,77,35
"Blockpool","BPL","blockpool","https://www.coingecko.com/en/coins/blockpool",38,14,55,25
"Blocktix","TIX","blocktix","https://www.coingecko.com/en/coins/blocktix",0,0,0,0
"Blue","BLUE","blue","https://www.coingecko.com/en/coins/blue",26,16,13,8.2
"Bluecoin","BLU","bluecoin","https://www.coingecko.com/en/coins/bluecoin",22,1,16,13
"Bodhi","BOT","bodhi","https://www.coingecko.com/en/coins/bodhi",24,37,0,0
"Bolivarcoin","BOLI","bolivarcoin","https://www.coingecko.com/en/coins/bolivarcoin",23,1,17,20
"Bonpay","BON","bonpay","https://www.coingecko.com/en/coins/bonpay",0,0,0,0
"Boolberry","BBR","boolberry","https://www.coingecko.com/en/coins/boolberry",35,5.9,45,25
"BoostCoin","BOST","boostcoin","https://www.coingecko.com/en/coins/boostcoin",25,1,31,18
"Bottlecaps","CAP","bottlecaps","https://www.coingecko.com/en/coins/bottlecaps",24,0,46,0
"Bounty0x","BNTY","bounty0x","https://www.coingecko.com/en/coins/bounty0x",51,46,62,39
"Bowhead Health","AHT","bowhead-health","https://www.coingecko.com/en/coins/bowhead-health",24,9.6,0,26
"Bread","BRD","bread","https://www.coingecko.com/en/coins/bread",39,60,0,37
"Breakout","BRK","breakout","https://www.coingecko.com/en/coins/breakout",31,41,9.4,16
"Breakout Stake","BRX","breakout-stake","https://www.coingecko.com/en/coins/breakout-stake",28,28,9.4,16
"BridgeCoin","BCO","bridgecoin","https://www.coingecko.com/en/coins/bridgecoin",32,25,30,8.2
"Britcoin","BRIT","britcoin","https://www.coingecko.com/en/coins/britcoin",22,1,13,19
"Bulwark","BWK","bulwark","https://www.coingecko.com/en/coins/bulwark",0,0,0,0
"Bunnycoin","BUN","bunnycoin","https://www.coingecko.com/en/coins/bunnycoin",26,4,18,27
"Burst","BURST","burst","https://www.coingecko.com/en/coins/burst",51,56,49,42
"BuzzCoin","BUZZ","buzzcoin","https://www.coingecko.com/en/coins/buzzcoin",25,23,12,7.5
"Byteball Bytes","GBYTE","byteball-bytes","https://www.coingecko.com/en/coins/byteball-bytes",200,200,200,200
"Bytecent","BYC","bytecent","https://www.coingecko.com/en/coins/bytecent",25,33,0,14
"Bytecoin","BCN","bytecoin","https://www.coingecko.com/en/coins/bytecoin",57,61,54,48
"Bytom","BTM","bytom","https://www.coingecko.com/en/coins/bytom",59,58,78,38
"CHIPS","CHIPS","chips","https://www.coingecko.com/en/coins/chips",0,0,0,0
"CORION","COR","corion","https://www.coingecko.com/en/coins/corion",19,1,51,14
"COSS","COSS","coss","https://www.coingecko.com/en/coins/coss",30,44,0,16
"CVCoin","CVCOIN","cvcoin","https://www.coingecko.com/en/coins/cvcoin",25,14,0,26
"Cabbage Unit","CAB","cabbage-unit","https://www.coingecko.com/en/coins/cabbage-unit",16,1,13,6.1
"Cagecoin","CAGE","cagecoin","https://www.coingecko.com/en/coins/cagecoin",21,0,15,20
"Caliphcoin","CALC","caliphcoin","https://www.coingecko.com/en/coins/caliphcoin",6.7,1,0,0
"CampusCoin","CMPCO","campuscoin","https://www.coingecko.com/en/coins/campuscoin",37,32,35,27
"Canada eCoin","CDN","canada-ecoin","https://www.coingecko.com/en/coins/canada-ecoin",23,12,16,6.7
"Cannabis Industry Coin","XCI","cannabis-industry-coin","https://www.coingecko.com/en/coins/cannabis-industry-coin",12,0,28,6
"CannabisCoin","CANN","cannabiscoin","https://www.coingecko.com/en/coins/cannabiscoin",41,40,36,35
"Cannacoin","CCN","cannacoin","https://www.coingecko.com/en/coins/cannacoin",31,2.5,32,35
"Cappasity","CAPP","cappasity","https://www.coingecko.com/en/coins/cappasity",22,40,12,33
"Capricoin","CPC","capricoin","https://www.coingecko.com/en/coins/capricoin",29,33,31,2.9
"CarTaxi","CTX","cartaxi","https://www.coingecko.com/en/coins/cartaxi",25,13,16,15
"Carboncoin","CARBON","carboncoin","https://www.coingecko.com/en/coins/carboncoin",30,23,16,23
"Cardano","ADA","cardano","https://www.coingecko.com/en/coins/cardano",73,77,87,57
"Cash Poker Pro","CASH","cash-poker-pro","https://www.coingecko.com/en/coins/cash-poker-pro",21,0,15,11
"Casinocoin","CSC","casinocoin","https://www.coingecko.com/en/coins/casinocoin",12,1,12,25
"Catcoin","CAT","catcoin","https://www.coingecko.com/en/coins/catcoin",31,1,42,30
"Ccore","CCO","ccore","https://www.coingecko.com/en/coins/ccore",29,19,13,26
"Centra","CTR","centra","https://www.coingecko.com/en/coins/centra",42,56,14,38
"Centurion","CNT","centurion","https://www.coingecko.com/en/coins/centurion",21,1,14,12
"Cerium","XCE","cerium","https://www.coingecko.com/en/coins/cerium",8.3,0,12,5.1
"ChainLink","LINK","chainlink","https://www.coingecko.com/en/coins/chainlink",41,55,39,8.1
"Chaincoin","CHC","chaincoin","https://www.coingecko.com/en/coins/chaincoin",38,25,69,0
"Change","CAG","change","https://www.coingecko.com/en/coins/change",31,36,12,15
"Chronobank","TIME","chronobank","https://www.coingecko.com/en/coins/chronobank",48,30,72,34
"Chronologic","DAY","chronologic","https://www.coingecko.com/en/coins/chronologic",14,1,46,0
"Cindicator","CND","cindicator","https://www.coingecko.com/en/coins/cindicator",0,0,0,0
"Cinni","CINNI","cinni","https://www.coingecko.com/en/coins/cinni",15,0,29,18
"Circuits of Value","COVAL","circuits-of-value","https://www.coingecko.com/en/coins/circuits-of-value",32,35,12,24
"Civic","CVC","civic","https://www.coingecko.com/en/coins/civic",42,60,0,45
"Clams","CLAM","clams","https://www.coingecko.com/en/coins/clams",44,36,60,25
"ClearPoll","POLL","clearpoll","https://www.coingecko.com/en/coins/clearpoll",9.4,0,0,27
"Cloakcoin","CLOAK","cloakcoin","https://www.coingecko.com/en/coins/cloakcoin",38,37,19,36
"Clubcoin","CLUB","clubcoin","https://www.coingecko.com/en/coins/clubcoin",24,32,34,26
"CoEval","COE","coeval","https://www.coingecko.com/en/coins/coeval",6.2,0,0,14
"Cobinhood","COB","cobinhood","https://www.coingecko.com/en/coins/cobinhood",42,31,31,39
"Cofound.it","CFI","cofound.it","https://www.coingecko.com/en/coins/cofound.it",200,200,200,200
"Coimatic 2.0","CTIC2","coimatic-2.0","https://www.coingecko.com/en/coins/coimatic-2.0",16,5.4,12,0
"Coin2.1","C2","coin2.1","https://www.coingecko.com/en/coins/coin2.1",200,200,200,200
"CoinDash","CDT","coindash","https://www.coingecko.com/en/coins/coindash",0,0,0,0
"Coinomat","CNMT","coinomat","https://www.coingecko.com/en/coins/coinomat",5.9,0,0,12
"ColossusCoinXT","COLX","colossuscoinxt","https://www.coingecko.com/en/coins/colossuscoinxt",35,1,38,37
"Comet","CMT","comet","https://www.coingecko.com/en/coins/comet",35,61,15,5.7
"Compcoin","CMP","compcoin","https://www.coingecko.com/en/coins/compcoin",8.9,1,0,24
"Condensate","RAIN","condensate","https://www.coingecko.com/en/coins/condensate",32,21,33,18
"Confido","CFD","confido","https://www.coingecko.com/en/coins/confido",17,16,0,0
"Copico","XCPO","copico","https://www.coingecko.com/en/coins/copico",23,21,9.2,6.3
"Corethum","CRTM","corethum","https://www.coingecko.com/en/coins/corethum",14,0,0,10
"Counterparty","XCP","counterparty","https://www.coingecko.com/en/coins/counterparty",55,55,67,37
"Crave","CRAVE","crave","https://www.coingecko.com/en/coins/crave",25,17,21,5.3
"Cream","CRM","cream","https://www.coingecko.com/en/coins/cream",24,9,15,17
"CreativeCoin","CREA","creativecoin","https://www.coingecko.com/en/coins/creativecoin",34,26,43,13
"Credence Coin","CRDNC","credence-coin","https://www.coingecko.com/en/coins/credence-coin",17,1,12,4.3
"Creditbit","CRB","creditbit","https://www.coingecko.com/en/coins/creditbit",37,34,31,27
"Credo","CREDO","credo","https://www.coingecko.com/en/coins/credo",19,11,0,0
"Crevacoin","CREVA","crevacoin","https://www.coingecko.com/en/coins/crevacoin",19,20,14,3.1
"CrowdCoin","CRC","crowdcoin","https://www.coingecko.com/en/coins/crowdcoin",35,28,44,11
"Crown","CRW","crown","https://www.coingecko.com/en/coins/crown",45,28,53,31
"CryptCoin","CRYPT","cryptcoin","https://www.coingecko.com/en/coins/cryptcoin",25,1,15,27
"Crypto","CTO","crypto","https://www.coingecko.com/en/coins/crypto",17,1,11,5.2
"Crypto Bullion","CBX","crypto-bullion","https://www.coingecko.com/en/coins/crypto-bullion",200,200,200,200
"CryptoCarbon","CCRB","cryptocarbon","https://www.coingecko.com/en/coins/cryptocarbon",18,8.3,12,0
"CryptoEscudo","CESC","cryptoescudo","https://www.coingecko.com/en/coins/cryptoescudo",14,1,0,11
"CryptoForecast","CFT","cryptoforecast","https://www.coingecko.com/en/coins/cryptoforecast",22,6.9,0,24
"CryptoInsight","TKR","cryptoinsight","https://www.coingecko.com/en/coins/cryptoinsight",200,200,200,200
"CryptoPing","PING","cryptoping","https://www.coingecko.com/en/coins/cryptoping",20,17,0,8.2
"Cryptojacks","CJ","cryptojacks","https://www.coingecko.com/en/coins/cryptojacks",25,24,13,10
"Cryptokenz","CYT","cryptokenz","https://www.coingecko.com/en/coins/cryptokenz",7,0,12,5
"Cryptonex","CNX","cryptonex","https://www.coingecko.com/en/coins/cryptonex",0,0,0,0
"Cryptonite","XCN","cryptonite","https://www.coingecko.com/en/coins/cryptonite",28,18,16,20
"Cryptopay","CPAY","cryptopay","https://www.coingecko.com/en/coins/cryptopay",0,0,0,0
"Crystal Clear","CCT","crystal-clear","https://www.coingecko.com/en/coins/crystal-clear",29,17,12,32
"Cubits","QBT","cubits","https://www.coingecko.com/en/coins/cubits",9.7,17,14,0
"Curecoin","CURE","curecoin","https://www.coingecko.com/en/coins/curecoin",45,30,59,34
"CybCSec","XCS","cybcsec","https://www.coingecko.com/en/coins/cybcsec",0,0,0,0
"CyberMiles","CMT","cybermiles","https://www.coingecko.com/en/coins/cybermiles",41,61,14,34
"Cyder","CYDER","cyder","https://www.coingecko.com/en/coins/cyder",5.9,0,12,0
"Cypher","CYP","cypher","https://www.coingecko.com/en/coins/cypher",24,1,13,27
"DAO.Casino","BET","dao.casino","https://www.coingecko.com/en/coins/dao.casino",30,0,68,33
"DAS","DAS","das","https://www.coingecko.com/en/coins/das",21,0,12,23
"DCORP","DRP","dcorp","https://www.coingecko.com/en/coins/dcorp",31,18,15,34
"DFSCoin","DFS","dfscoin","https://www.coingecko.com/en/coins/dfscoin",31,41,28,5.2
"DHG","DHG","dhg","https://www.coingecko.com/en/coins/dhg",3,0,0,0
"DIMCOIN","DIM","dimcoin","https://www.coingecko.com/en/coins/dimcoin",20,34,13,27
"DNotes","NOTE","dnotes","https://www.coingecko.com/en/coins/dnotes",33,9.9,34,30
"DROXNE","DRXNE","droxne","https://www.coingecko.com/en/coins/droxne",23,18,9.7,13
"Dai","DAI","dai","https://www.coingecko.com/en/coins/dai",26,9.5,8.4,31
"Dalecoin","DALC","dalecoin","https://www.coingecko.com/en/coins/dalecoin",17,1.9,0,11
"Darcrus","DAR","darcrus","https://www.coingecko.com/en/coins/darcrus",20,1,0,22
"Dash","DASH","dash","https://www.coingecko.com/en/coins/dash",70,74,84,53
"Dashcoin","DSH","dashcoin","https://www.coingecko.com/en/coins/dashcoin",25,1,12,32
"Datum","DAT","datum","https://www.coingecko.com/en/coins/datum",29,19,0,34
"DavorCoin","DAV","davorcoin","https://www.coingecko.com/en/coins/davorcoin",12,0,18,16
"Daxxcoin","DAXX","daxxcoin","https://www.coingecko.com/en/coins/daxxcoin",23,18,13,10
"DeBuNe","DEBUNE","debune","https://www.coingecko.com/en/coins/debune",5.2,0,0,10
"Decent","DCT","decent","https://www.coingecko.com/en/coins/decent",31,42,0,16
"DecentBet","DBET","decentbet","https://www.coingecko.com/en/coins/decentbet",34,20,25,32
"Decentraland","MANA","decentraland","https://www.coingecko.com/en/coins/decentraland",56,64,60,43
"Decision Token","HST","decision-token","https://www.coingecko.com/en/coins/decision-token",38,38,15,36
"Decred","DCR","decred","https://www.coingecko.com/en/coins/decred",59,45,78,44
"DeepBrain Chain","DBC","deepbrain-chain","https://www.coingecko.com/en/coins/deepbrain-chain",38,57,0,37
"DeepOnion","ONION","deeponion","https://www.coingecko.com/en/coins/deeponion",46,38,46,41
"Delphy","DPY","delphy","https://www.coingecko.com/en/coins/delphy",32,23,34,5.8
"Denarius","DNR","denarius","https://www.coingecko.com/en/coins/denarius",41,19,66,23
"Dent","DENT","dent","https://www.coingecko.com/en/coins/dent",40,55,0,42
"Dentacoin","DCN","dentacoin","https://www.coingecko.com/en/coins/dentacoin",43,55,15,40
"Desire","DSR","desire","https://www.coingecko.com/en/coins/desire",22,14,12,6.3
"Deutsche eMark","DEM","deutsche-emark","https://www.coingecko.com/en/coins/deutsche-emark",30,5.4,47,11
"Devcoin","DVC","devcoin","https://www.coingecko.com/en/coins/devcoin",19,0,0,27
"Diamond","DMD","diamond","https://www.coingecko.com/en/coins/diamond",43,28,51,31
"DigiCube","CUBE","digicube","https://www.coingecko.com/en/coins/digicube",6.7,1,15,0
"DigiEuro","DEUR","digieuro","https://www.coingecko.com/en/coins/digieuro",2.8,0,0,0
"DigiPulse","DGPT","digipulse","https://www.coingecko.com/en/coins/digipulse",22,7.4,0,22
"Digibyte","DGB","digibyte","https://www.coingecko.com/en/coins/digibyte",63,69,69,51
"DigitalNote","XDN","digitalnote","https://www.coingecko.com/en/coins/digitalnote",44,54,23,38
"DigitalPrice","DP","digitalprice","https://www.coingecko.com/en/coins/digitalprice",31,18,29,20
"Digitalcoin","DGC","digitalcoin","https://www.coingecko.com/en/coins/digitalcoin",36,2.3,50,33
"DigixDAO","DGD","digixdao","https://www.coingecko.com/en/coins/digixdao",31,55,0,8.1
"Dimecoin","DIME","dimecoin","https://www.coingecko.com/en/coins/dimecoin",32,29,11,29
"Dinastycoin","DCY","dinastycoin","https://www.coingecko.com/en/coins/dinastycoin",23,13,12,11
"Dirac","XDQ","dirac","https://www.coingecko.com/en/coins/dirac",10,0,31,0
"Divi","DIVX","divi","https://www.coingecko.com/en/coins/divi",30,26,0,32
"Dobbscoin","BOB","dobbscoin","https://www.coingecko.com/en/coins/dobbscoin",16,0,40,15
"Dogecoin","DOGE","dogecoin","https://www.coingecko.com/en/coins/dogecoin",71,72,85,63
"Dogeparty","XDP","dogeparty","https://www.coingecko.com/en/coins/dogeparty",12,0,30,6.3
"DomRaider","DRT","domraider","https://www.coingecko.com/en/coins/domraider",34,7.4,33,30
"DopeCoin","DOPE","dopecoin","https://www.coingecko.com/en/coins/dopecoin",38,34,37,24
"Dotcoin","DOT","dotcoin","https://www.coingecko.com/en/coins/dotcoin",32,38,12,18
"Dovu","DOVU","dovu","https://www.coingecko.com/en/coins/dovu",39,11,73,8.3
"Dragonchain","DRGN","dragonchain","https://www.coingecko.com/en/coins/dragonchain",54,55,62,33
"DubaiCoin-DBIX","DBIX","dubaicoin-dbix","https://www.coingecko.com/en/coins/dubaicoin-dbix",32,39,19,14
"Dutch Coin","DUTCH","dutch-coin","https://www.coingecko.com/en/coins/dutch-coin",200,200,200,200
"Dynamic","DYN","dynamic","https://www.coingecko.com/en/coins/dynamic",43,38,66,12
"E-Dinar Coin","EDR","e-dinar-coin","https://www.coingecko.com/en/coins/e-dinar-coin",28,23,16,16
"E-coin","ECN","e-coin","https://www.coingecko.com/en/coins/e-coin",20,1,12,4.4
"EA Coin","EAG","ea-coin","https://www.coingecko.com/en/coins/ea-coin",0,0,0,0
"ECC","ECC","ecc","https://www.coingecko.com/en/coins/ecc",48,31,64,33
"EDRCoin","EDRC","edrcoin","https://www.coingecko.com/en/coins/edrcoin",9.3,1,16,9.1
"EOS","EOS","eos","https://www.coingecko.com/en/coins/eos",72,83,87,53
"EOT Token","EOT","eot-token","https://www.coingecko.com/en/coins/eot-token",26,12,15,23
"ERC20","ERC20","erc20","https://www.coingecko.com/en/coins/erc20",21,12,13,0
"ETHGAS","EGAS","ethgas","https://www.coingecko.com/en/coins/ethgas",17,2.2,0,13
"ETHLend","LEND","ethlend","https://www.coingecko.com/en/coins/ethlend",58,66,66,43
"EXRNchain","EXRN","exrnchain","https://www.coingecko.com/en/coins/exrnchain",7.1,14,0,6.7
"EagleCoin","EAGLE","eaglecoin","https://www.coingecko.com/en/coins/eaglecoin",20,1,12,14
"Earthcoin","EAC","earthcoin","https://www.coingecko.com/en/coins/earthcoin",33,1,40,29
"Ecobit","ECOB","ecobit","https://www.coingecko.com/en/coins/ecobit",21,0.11,0,12
"Edgeless","EDG","edgeless","https://www.coingecko.com/en/coins/edgeless",42,51,20,38
"Eidoo","EDO","eidoo","https://www.coingecko.com/en/coins/eidoo",37,56,0,35
"Einsteinium","EMC2","einsteinium","https://www.coingecko.com/en/coins/einsteinium",45,51,28,43
"Elastic","XEL","elastic","https://www.coingecko.com/en/coins/elastic",37,47,12,29
"Elcoin","EL","elcoin","https://www.coingecko.com/en/coins/elcoin",16,1,0,11
"Electra","ECA","electra","https://www.coingecko.com/en/coins/electra",29,0,37,8.1
"Electroneum","ETN","electroneum","https://www.coingecko.com/en/coins/electroneum",52,55,35,53
"Electronic Gulden","EFL","electronic-gulden","https://www.coingecko.com/en/coins/electronic-gulden",200,200,200,200
"Elektron","EKN","elektron","https://www.coingecko.com/en/coins/elektron",8.3,0,13,5.6
"Elementrem","ELE","elementrem","https://www.coingecko.com/en/coins/elementrem",32,0.9,46,25
"Elixir","ELIX","elixir","https://www.coingecko.com/en/coins/elixir",32,39,0,31
"Ellaism","ELLA","ellaism","https://www.coingecko.com/en/coins/ellaism",32,25,40,7
"Eltcoin","ELTCOIN","eltcoin","https://www.coingecko.com/en/coins/eltcoin",30,14,40,7.3
"EmberCoin","EMB","embercoin","https://www.coingecko.com/en/coins/embercoin",20,23,13,39
"Embers","MBRS","embers","https://www.coingecko.com/en/coins/embers",29,14,12,28
"EmerCoin","EMC","emercoin","https://www.coingecko.com/en/coins/emercoin",39,43,30,23
"Emphy","EPY","emphy","https://www.coingecko.com/en/coins/emphy",20,6.2,0,12
"EncrypGen","DNA","encrypgen","https://www.coingecko.com/en/coins/encrypgen",32,32,0,31
"EncryptoTel [ETH]","ETT","encryptotel-[eth]","https://www.coingecko.com/en/coins/encryptotel-[eth]",200,200,200,200
"Energo","TSL","energo","https://www.coingecko.com/en/coins/energo",8,36,0,0
"Energycoin","ENRG","energycoin","https://www.coingecko.com/en/coins/energycoin",39,31,39,28
"Enigma","ENG","enigma","https://www.coingecko.com/en/coins/enigma",62,64,80,43
"Enjin Coin","ENJ","enjin-coin","https://www.coingecko.com/en/coins/enjin-coin",200,200,200,200
"EquiTrader","EQT","equitrader","https://www.coingecko.com/en/coins/equitrader",22,15,7.3,7.7
"Eroscoin","ERO","eroscoin","https://www.coingecko.com/en/coins/eroscoin",28,27,12,15
"Espers","ESP","espers","https://www.coingecko.com/en/coins/espers",40,31,49,21
"Eternity","ENT","eternity","https://www.coingecko.com/en/coins/eternity",23,9.7,19,5.6
"EthBet","EBET","ethbet","https://www.coingecko.com/en/coins/ethbet",28,13,17,23
"Ethbits","ETBS","ethbits","https://www.coingecko.com/en/coins/ethbits",26,1.9,12,28
"EtherDoge","EDOGE","etherdoge","https://www.coingecko.com/en/coins/etherdoge",26,100,12,0
"Ethereum","ETH","ethereum","https://www.coingecko.com/en/coins/ethereum",85,99,93,74
"Ethereum Cash","ECASH","ethereum-cash","https://www.coingecko.com/en/coins/ethereum-cash",25,22,12,8.5
"Ethereum Classic","ETC","ethereum-classic","https://www.coingecko.com/en/coins/ethereum-classic",69,82,81,49
"Ethereum Dark","ETHD","ethereum-dark","https://www.coingecko.com/en/coins/ethereum-dark",24,16,12,15
"Ethereum Gold","ETG","ethereum-gold","https://www.coingecko.com/en/coins/ethereum-gold",18,1,0,13
"Ethereum Lite","ELITE","ethereum-lite","https://www.coingecko.com/en/coins/ethereum-lite",4.8,1,0,7.7
"Ethereum Movie Venture","EMV","ethereum-movie-venture","https://www.coingecko.com/en/coins/ethereum-movie-venture",18,0,0,12
"Etheroll","DICE","etheroll","https://www.coingecko.com/en/coins/etheroll",25,11,0,29
"Etherparty","FUEL","etherparty","https://www.coingecko.com/en/coins/etherparty",43,57,31,27
"Ethos","ETHOS","ethos","https://www.coingecko.com/en/coins/ethos",30,9,0,40
"EuropeCoin","ERC","europecoin","https://www.coingecko.com/en/coins/europecoin",35,22,51,12
"EventChain","EVC","eventchain","https://www.coingecko.com/en/coins/eventchain",11,1,0,32
"EverGreenCoin","EGC","evergreencoin","https://www.coingecko.com/en/coins/evergreencoin",40,25,50,28
"Everex","EVX","everex","https://www.coingecko.com/en/coins/everex",40,52,14,38
"Everus","EVR","everus","https://www.coingecko.com/en/coins/everus",0,0,0,0
"Exchange Union","XUC","exchange-union","https://www.coingecko.com/en/coins/exchange-union",21,1,0,17
"ExchangeN","EXN","exchangen","https://www.coingecko.com/en/coins/exchangen",18,14,0,8.1
"ExclusiveCoin","EXCL","exclusivecoin","https://www.coingecko.com/en/coins/exclusivecoin",32,31,35,8
"Execoin","EXE","execoin","https://www.coingecko.com/en/coins/execoin",17,0,32,25
"Expanse","EXP","expanse","https://www.coingecko.com/en/coins/expanse",46,44,42,39
"FAPcoin","FAP","fapcoin","https://www.coingecko.com/en/coins/fapcoin",4.8,1,0,7.5
"FIMKrypto","FIMK","fimkrypto","https://www.coingecko.com/en/coins/fimkrypto",22,1,19,13
"FLO","FLO","flo","https://www.coingecko.com/en/coins/flo",40,42,34,21
"FLiK","FLIK","flik","https://www.coingecko.com/en/coins/flik",18,0,0,12
"FORCE","FOR","force","https://www.coingecko.com/en/coins/force",21,6.3,12,4.9
"Faceblock","FBL","faceblock","https://www.coingecko.com/en/coins/faceblock",4.7,1,0,7.1
"Facecoin","FC","facecoin","https://www.coingecko.com/en/coins/facecoin",4.2,0,0,5.8
"Factom","FCT","factom","https://www.coingecko.com/en/coins/factom",62,61,78,46
"Faircoin","FAIR","faircoin","https://www.coingecko.com/en/coins/faircoin",39,20,44,31
"Falcoin","FAL","falcoin","https://www.coingecko.com/en/coins/falcoin",6.3,0,0,0
"Fantomcoin","FCN","fantomcoin","https://www.coingecko.com/en/coins/fantomcoin",29,1,37,20
"Farad","FRD","farad","https://www.coingecko.com/en/coins/farad",26,12,13,15
"Fastcoin","FST","fastcoin","https://www.coingecko.com/en/coins/fastcoin",39,15,56,30
"Feathercoin","FTC","feathercoin","https://www.coingecko.com/en/coins/feathercoin",51,38,65,40
"Fedoracoin","TIPS","fedoracoin","https://www.coingecko.com/en/coins/fedoracoin",37,13,38,33
"Fibre","FIBRE","fibre","https://www.coingecko.com/en/coins/fibre",5.2,0,0,12
"Filecoin [Futures]","FIL","filecoin-[futures]","https://www.coingecko.com/en/coins/filecoin-[futures]",18,30,0,37
"FinCoin","FNC","fincoin","https://www.coingecko.com/en/coins/fincoin",14,1,0,0
"First Bitcoin","BIT","first-bitcoin","https://www.coingecko.com/en/coins/first-bitcoin",7.1,1,0,11
"First Blood","1ST","first-blood","https://www.coingecko.com/en/coins/first-blood",42,51,37,16
"Firstcoin","FRST","firstcoin","https://www.coingecko.com/en/coins/firstcoin",28,23,14,15
"Fitcoin","FIT","fitcoin","https://www.coingecko.com/en/coins/fitcoin",10,0,12,17
"Flappycoin","FLAP","flappycoin","https://www.coingecko.com/en/coins/flappycoin",11,0,15,19
"Flash","FLASH","flash","https://www.coingecko.com/en/coins/flash",29,37,12,5.9
"Flixxo","FLIXX","flixxo","https://www.coingecko.com/en/coins/flixxo",34,33,12,33
"Flycoin","FLY","flycoin","https://www.coingecko.com/en/coins/flycoin",24,1,43,0
"FlypMe","FYP","flypme","https://www.coingecko.com/en/coins/flypme",35,25,31,28
"Foldingcoin","FLDC","foldingcoin","https://www.coingecko.com/en/coins/foldingcoin",34,42,14,25
"Footy Cash","XFT","footy-cash","https://www.coingecko.com/en/coins/footy-cash",0,0,0,0
"Franko","FRK","franko","https://www.coingecko.com/en/coins/franko",30,1,41,27
"Frazcoin","FRAZ","frazcoin","https://www.coingecko.com/en/coins/frazcoin",14,0,12,5.4
"Freicoin","FRC","freicoin","https://www.coingecko.com/en/coins/freicoin",28,1,38,24
"Freshcoin","FRSH","freshcoin","https://www.coingecko.com/en/coins/freshcoin",7.9,0,15,5.2
"FuelCoin","FC2","fuelcoin","https://www.coingecko.com/en/coins/fuelcoin",8,0,14,6.4
"Fujicoin","FJC","fujicoin","https://www.coingecko.com/en/coins/fujicoin",27,19,14,19
"Fujinto","NTO","fujinto","https://www.coingecko.com/en/coins/fujinto",21,5.6,12,12
"Full Integrity Coin","FIC","full-integrity-coin","https://www.coingecko.com/en/coins/full-integrity-coin",8.1,0,12,4.9
"FunFair","FUN","funfair","https://www.coingecko.com/en/coins/funfair",42,65,0,43
"FundYourselfNow","FYN","fundyourselfnow","https://www.coingecko.com/en/coins/fundyourselfnow",26,1,19,28
"FuturXe","FXE","futurxe","https://www.coingecko.com/en/coins/futurxe",13,0,0,5
"GAIA","GAIA","gaia","https://www.coingecko.com/en/coins/gaia",22,1,15,18
"GCoin","GCN","gcoin","https://www.coingecko.com/en/coins/gcoin",18,9.1,0,7.1
"GOLD Reward Token","GRX","gold-reward-token","https://www.coingecko.com/en/coins/gold-reward-token",15,3.1,15,26
"GSMcoin","GSM","gsmcoin","https://www.coingecko.com/en/coins/gsmcoin",7.7,0,13,6.7
"GXShares","GXS","gxshares","https://www.coingecko.com/en/coins/gxshares",46,55,58,8
"Gambit","GAM","gambit","https://www.coingecko.com/en/coins/gambit",38,27,56,7.6
"GameBet","GBT","gamebet","https://www.coingecko.com/en/coins/gamebet",200,200,200,200
"GameCredits","GAME","gamecredits","https://www.coingecko.com/en/coins/gamecredits",41,54,37,13
"Gas","GAS","gas","https://www.coingecko.com/en/coins/gas",67,61,84,64
"GeertCoin","GEERT","geertcoin","https://www.coingecko.com/en/coins/geertcoin",17,1,15,4.7
"Gems","GEMZ","gems","https://www.coingecko.com/en/coins/gems",8.6,0,0,21
"Genaro Network","GNX","genaro-network","https://www.coingecko.com/en/coins/genaro-network",0,0,0,0
"Genesis Vision","GVT","genesis-vision","https://www.coingecko.com/en/coins/genesis-vision",42,53,20,39
"Geocoin","GEO","geocoin","https://www.coingecko.com/en/coins/geocoin",31,41,17,8.1
"GeyserCoin","GSR","geysercoin","https://www.coingecko.com/en/coins/geysercoin",15,1,14,5.5
"Gifto","GTO","gifto","https://www.coingecko.com/en/coins/gifto",0,0,0,0
"Giga Watt Token","WTT","giga-watt-token","https://www.coingecko.com/en/coins/giga-watt-token",19,13,0,13
"Gimli","GIM","gimli","https://www.coingecko.com/en/coins/gimli",27,0.11,36,14
"Global Currency Reserve","GCR","global-currency-reserve","https://www.coingecko.com/en/coins/global-currency-reserve",29,36,18,7.4
"Global Tour Coin","GTC","global-tour-coin","https://www.coingecko.com/en/coins/global-tour-coin",27,54,0,2.6
"GlobalBoost-Y","BSTY","globalboost-y","https://www.coingecko.com/en/coins/globalboost-y",200,200,200,200
"GlobalToken","GLT","globaltoken","https://www.coingecko.com/en/coins/globaltoken",23,0,35,15
"GlowShares","GSX","glowshares","https://www.coingecko.com/en/coins/glowshares",8.7,0,13,11
"Gnosis","GNO","gnosis","https://www.coingecko.com/en/coins/gnosis",55,51,62,41
"GoByte","GBX","gobyte","https://www.coingecko.com/en/coins/gobyte",32,28,29,14
"GoldBlocks","GB","goldblocks","https://www.coingecko.com/en/coins/goldblocks",25,0.12,33,11
"GoldPieces","GP","goldpieces","https://www.coingecko.com/en/coins/goldpieces",19,1,15,7.9
"Goldcoin","GLD","goldcoin","https://www.coingecko.com/en/coins/goldcoin",39,28,43,29
"Goldmaxcoin","GMX","goldmaxcoin","https://www.coingecko.com/en/coins/goldmaxcoin",7.9,1,12,7.7
"Golem","GNT","golem","https://www.coingecko.com/en/coins/golem",65,62,84,50
"Golos","GOLOS","golos","https://www.coingecko.com/en/coins/golos",43,25,76,11
"Goodomy","GOOD","goodomy","https://www.coingecko.com/en/coins/goodomy",16,0,0,8.6
"GraniteCoin","GRN","granitecoin","https://www.coingecko.com/en/coins/granitecoin",16,1,38,11
"Grantcoin","GRT","grantcoin","https://www.coingecko.com/en/coins/grantcoin",22,1,11,23
"Greencoin","GRE ","greencoin","https://www.coingecko.com/en/coins/greencoin",16,0,43,7.7
"Grid+","GRID","grid+","https://www.coingecko.com/en/coins/grid+",38,18,35,34
"Gridcoin","GRC","gridcoin","https://www.coingecko.com/en/coins/gridcoin",54,35,80,41
"Grimcoin","GRIM","grimcoin","https://www.coingecko.com/en/coins/grimcoin",19,1,15,8.5
"Groestlcoin","GRS","groestlcoin","https://www.coingecko.com/en/coins/groestlcoin",49,44,54,40
"Groupcoin","GPC","groupcoin","https://www.coingecko.com/en/coins/groupcoin",6.3,0,12,2.1
"Guarany","GUA","guarany","https://www.coingecko.com/en/coins/guarany",9.2,0,14,12
"Gulden","NLG","gulden","https://www.coingecko.com/en/coins/gulden",46,32,54,35
"GulfCoin","MGC","gulfcoin","https://www.coingecko.com/en/coins/gulfcoin",7.2,1,12,4.9
"HEAT","HEAT","heat","https://www.coingecko.com/en/coins/heat",33,11,45,13
"HODL Bucks","HDLB","hodl-bucks","https://www.coingecko.com/en/coins/hodl-bucks",200,200,200,200
"HOdlcoin","HODL","hodlcoin","https://www.coingecko.com/en/coins/hodlcoin",35,1,61,22
"HShare","HSR","hshare","https://www.coingecko.com/en/coins/hshare",39,70,20,5.4
"HTMLcoin","HTML5","htmlcoin","https://www.coingecko.com/en/coins/htmlcoin",31,28,51,37
"Hacker Gold","HKG","hacker-gold","https://www.coingecko.com/en/coins/hacker-gold",2.8,0,0,0
"Happycoin","HPC","happycoin","https://www.coingecko.com/en/coins/happycoin",21,2.4,15,12
"HarmonyCoin","HMC","harmonycoin","https://www.coingecko.com/en/coins/harmonycoin",10,1,0,0
"Hawala.Today","HAT","hawala.today","https://www.coingecko.com/en/coins/hawala.today",200,200,200,200
"Heavycoin","HVC","heavycoin","https://www.coingecko.com/en/coins/heavycoin",18,0,37,23
"Hedge","HDG","hedge","https://www.coingecko.com/en/coins/hedge",32,23,12,31
"HellasCoin","HLC","hellascoin","https://www.coingecko.com/en/coins/hellascoin",5.9,0,12,0
"HelloGold","HGT","hellogold","https://www.coingecko.com/en/coins/hellogold",29,13,14,28
"Hempcoin","THC","hempcoin","https://www.coingecko.com/en/coins/hempcoin",200,200,200,200
"HiCoin","XHI","hicoin","https://www.coingecko.com/en/coins/hicoin",15,7.5,0,0
"High Gain","HIGH","high-gain","https://www.coingecko.com/en/coins/high-gain",7.4,0,13,5.1
"Hitcoin","HTC","hitcoin","https://www.coingecko.com/en/coins/hitcoin",19,1,12,5.8
"Hive","HVN","hive","https://www.coingecko.com/en/coins/hive",50,32,72,34
"Hobonickels","HBN","hobonickels","https://www.coingecko.com/en/coins/hobonickels",31,1.5,49,20
"HollyWoodCoin","HWC","hollywoodcoin","https://www.coingecko.com/en/coins/hollywoodcoin",26,27,13,7.4
"HomeBlockCoin","HBC","homeblockcoin","https://www.coingecko.com/en/coins/homeblockcoin",0,0,0,0
"Honey","HONEY","honey","https://www.coingecko.com/en/coins/honey",16,0.45,0,6
"Horizon","HZ","horizon","https://www.coingecko.com/en/coins/horizon",14,0,34,7.7
"Hubii Network","HBT","hubii-network","https://www.coingecko.com/en/coins/hubii-network",23,8.7,0,22
"Humaniq","HMQ","humaniq","https://www.coingecko.com/en/coins/humaniq",45,45,43,33
"Huntercoin","HUC","huntercoin","https://www.coingecko.com/en/coins/huntercoin",27,18,22,14
"Hush","HUSH","hush","https://www.coingecko.com/en/coins/hush",38,36,32,26
"Hyper","HYPER","hyper","https://www.coingecko.com/en/coins/hyper",21,1,40,32
"HyperStake","HYP","hyperstake","https://www.coingecko.com/en/coins/hyperstake",40,19,62,22
"I/O Coin","IOC","i/o-coin","https://www.coingecko.com/en/coins/i/o-coin",200,200,200,200
"ICO OpenLedger","ICOO","ico-openledger","https://www.coingecko.com/en/coins/ico-openledger",200,200,200,200
"ICON","ICX","icon","https://www.coingecko.com/en/coins/icon",60,74,54,46
"ICOS","ICOS","icos","https://www.coingecko.com/en/coins/icos",34,15,0,56
"INS Ecosystem","INS","ins-ecosystem","https://www.coingecko.com/en/coins/ins-ecosystem",20,0,28,35
"ION","ION","ion","https://www.coingecko.com/en/coins/ion",45,31,55,30
"IOTA","IOT","iota","https://www.coingecko.com/en/coins/iota",71,74,76,62
"Iconomi","ICN","iconomi","https://www.coingecko.com/en/coins/iconomi",39,52,0,43
"Ignis [Futures]","IGNIS","ignis-[futures]","https://www.coingecko.com/en/coins/ignis-[futures]",15,8.7,0,40
"IncaKoin","NKA","incakoin","https://www.coingecko.com/en/coins/incakoin",25,1,29,13
"Incent","INCNT","incent","https://www.coingecko.com/en/coins/incent",26,32,0,13
"India Coin","INDIA","india-coin","https://www.coingecko.com/en/coins/india-coin",200,200,200,200
"Indorse","IND","indorse","https://www.coingecko.com/en/coins/indorse",29,31,0,31
"Infinitecoin","IFC","infinitecoin","https://www.coingecko.com/en/coins/infinitecoin",14,1,13,32
"Infinity Economics","XIN","infinity-economics","https://www.coingecko.com/en/coins/infinity-economics",13,31,0,15
"Infinity Pay","IPY","infinity-pay","https://www.coingecko.com/en/coins/infinity-pay",3.5,1,0,0
"InflationCoin","IFLT","inflationcoin","https://www.coingecko.com/en/coins/inflationcoin",23,5,11,17
"Influxcoin","INFX","influxcoin","https://www.coingecko.com/en/coins/influxcoin",34,30,32,20
"Ink","INK","ink","https://www.coingecko.com/en/coins/ink",29,38,0,21
"Innova","INN","innova","https://www.coingecko.com/en/coins/innova",32,23,37,7.5
"InsaneCoin","INSN","insanecoin","https://www.coingecko.com/en/coins/insanecoin",28,14,28,13
"InsureX","IXT","insurex","https://www.coingecko.com/en/coins/insurex",29,37,0,21
"Intelligent Trading Tech","ITT","intelligent-trading-tech","https://www.coingecko.com/en/coins/intelligent-trading-tech",NA,NA,NA,NA
"IntenseCoin","ITNS","intensecoin","https://www.coingecko.com/en/coins/intensecoin",37,20,34,34
"Internet of People","IOP","internet-of-people","https://www.coingecko.com/en/coins/internet-of-people",38,39,32,26
"Internxt","INXT","internxt","https://www.coingecko.com/en/coins/internxt",29,17,16,25
"Interstellar Holdings","HOLD","interstellar-holdings","https://www.coingecko.com/en/coins/interstellar-holdings",24,17,8.7,12
"Interzone","ITZ","interzone","https://www.coingecko.com/en/coins/interzone",0,0,0,0
"InvestFeed","IFT","investfeed","https://www.coingecko.com/en/coins/investfeed",34,26,13,37
"IoT Chain","ITC","iot-chain","https://www.coingecko.com/en/coins/iot-chain",35,55,17,8.4
"Ixcoin","IXC","ixcoin","https://www.coingecko.com/en/coins/ixcoin",29,4.2,36,16
"Janus","JNS","janus","https://www.coingecko.com/en/coins/janus",18,1,0,12
"JavaScript Token","JS","javascript-token","https://www.coingecko.com/en/coins/javascript-token",24,1,34,5.6
"Jinn","JINN","jinn","https://www.coingecko.com/en/coins/jinn",23,8.9,15,4.1
"Jobscoin","JOBS","jobscoin","https://www.coingecko.com/en/coins/jobscoin",16,1,12,5.6
"Joincoin","J","joincoin","https://www.coingecko.com/en/coins/joincoin",17,1,18,5
"Joulecoin","XJO","joulecoin","https://www.coingecko.com/en/coins/joulecoin",24,1,26,14
"Judgecoin","JUDGE","judgecoin","https://www.coingecko.com/en/coins/judgecoin",16,0,28,23
"Karbowanec","KRB","karbowanec","https://www.coingecko.com/en/coins/karbowanec",36,16,50,20
"Karma","KARMA","karma","https://www.coingecko.com/en/coins/karma",21,18,32,25
"Kashhcoin","KASHH","kashhcoin","https://www.coingecko.com/en/coins/kashhcoin",6.7,1,8.2,6.8
"Kayicoin","KAYI","kayicoin","https://www.coingecko.com/en/coins/kayicoin",16,1,0,8.9
"KekCoin","KEK","kekcoin","https://www.coingecko.com/en/coins/kekcoin",21,12,0,20
"KexCoin","KEXCOIN","kexcoin","https://www.coingecko.com/en/coins/kexcoin",8.1,0,0,22
"KickCoin","KICK","kickcoin","https://www.coingecko.com/en/coins/kickcoin",39,43,22,34
"Kin","KIN","kin","https://www.coingecko.com/en/coins/kin",50,47,46,40
"Kolion","KLN","kolion","https://www.coingecko.com/en/coins/kolion",21,33,0,0
"Komodo","KMD","komodo","https://www.coingecko.com/en/coins/komodo",55,55,57,46
"KoreCoin","KORE","korecoin","https://www.coingecko.com/en/coins/korecoin",28,39,9.2,8.3
"Kronecoin","KRONE","kronecoin","https://www.coingecko.com/en/coins/kronecoin",23,9.9,14,17
"Krypton","KR","krypton","https://www.coingecko.com/en/coins/krypton",2.7,0,0,0
"KuCoin Shares","KCS","kucoin-shares","https://www.coingecko.com/en/coins/kucoin-shares",43,59,0,47
"Kurrent","KURT","kurrent","https://www.coingecko.com/en/coins/kurrent",19,9.3,6.7,5.6
"Kushcoin","KUSH","kushcoin","https://www.coingecko.com/en/coins/kushcoin",18,1,13,4.7
"Kyber Network","KNC","kyber-network","https://www.coingecko.com/en/coins/kyber-network",57,59,71,33
"LAToken","LA","latoken","https://www.coingecko.com/en/coins/latoken",44,41,38,35
"LBRY Credits","LBC","lbry-credits","https://www.coingecko.com/en/coins/lbry-credits",59,49,84,42
"LEOcoin","LEO","leocoin","https://www.coingecko.com/en/coins/leocoin",32,2.1,33,30
"LIFE","LIFE","life","https://www.coingecko.com/en/coins/life",29,45,0,12
"LLToken","LLT","lltoken","https://www.coingecko.com/en/coins/lltoken",11,33,0,8.3
"LTBcoin","LTBC","ltbcoin","https://www.coingecko.com/en/coins/ltbcoin",4.2,0,0,5.6
"LUXCoin","LUX","luxcoin","https://www.coingecko.com/en/coins/luxcoin",44,38,55,28
"Lampix","PIX","lampix","https://www.coingecko.com/en/coins/lampix",32,12,28,31
"LePen","LEPEN","lepen","https://www.coingecko.com/en/coins/lepen",7.7,1,13,4.3
"Legends Room","LGD","legends-room","https://www.coingecko.com/en/coins/legends-room",24,30,0,13
"LibertyCoin","XLB","libertycoin","https://www.coingecko.com/en/coins/libertycoin",15,0,31,16
"Librexcoin","LXC","librexcoin","https://www.coingecko.com/en/coins/librexcoin",10,0,30,0
"Linda","LINDA","linda","https://www.coingecko.com/en/coins/linda",38,49,36,7.8
"Link Platform","LNK","link-platform","https://www.coingecko.com/en/coins/link-platform",21,1,12,11
"Linx","LINX","linx","https://www.coingecko.com/en/coins/linx",0,0,0,0
"Lisk","LSK","lisk","https://www.coingecko.com/en/coins/lisk",69,71,86,54
"LiteBitcoin","LBTC","litebitcoin","https://www.coingecko.com/en/coins/litebitcoin",22,17,16,4.5
"LiteCoin Ultra","LTCU","litecoin-ultra","https://www.coingecko.com/en/coins/litecoin-ultra",24,5.4,29,16
"LiteDoge","LDOGE","litedoge","https://www.coingecko.com/en/coins/litedoge",28,8.9,34,11
"Litecoin","LTC","litecoin","https://www.coingecko.com/en/coins/litecoin",76,87,81,68
"Litecoin Gold","LTG","litecoin-gold","https://www.coingecko.com/en/coins/litecoin-gold",4.9,1,0,7.7
"LitecoinDark","LTCD","litecoindark","https://www.coingecko.com/en/coins/litecoindark",16,0,27,25
"LoMoCoin","LMC","lomocoin","https://www.coingecko.com/en/coins/lomocoin",28,44,11,0
"LockChain","LOC","lockchain","https://www.coingecko.com/en/coins/lockchain",0,0,0,0
"Loopring","LRC","loopring","https://www.coingecko.com/en/coins/loopring",48,66,41,31
"LuckChain","BASH","luckchain","https://www.coingecko.com/en/coins/luckchain",21,1,16,7
"Luckycoin","LKY","luckycoin","https://www.coingecko.com/en/coins/luckycoin",9.4,0,13,14
"Lunacoin","LUNA","lunacoin","https://www.coingecko.com/en/coins/lunacoin",20,1,18,10
"Lunyr","LUN","lunyr","https://www.coingecko.com/en/coins/lunyr",48,59,39,36
"Lykke","LKK","lykke","https://www.coingecko.com/en/coins/lykke",31,16,17,31
"MBitBooks","MBIT","mbitbooks","https://www.coingecko.com/en/coins/mbitbooks",6,0,13,0
"MCAP","MCAP","mcap","https://www.coingecko.com/en/coins/mcap",20,17,0,6.1
"MMNXT","MMNXT","mmnxt","https://www.coingecko.com/en/coins/mmnxt",3.8,0,0,4.4
"MSD","MSD","msd","https://www.coingecko.com/en/coins/msd",5.3,10,0,0
"MaYaCoin","MYC","mayacoin","https://www.coingecko.com/en/coins/mayacoin",3.1,0,0,0
"Machinecoin","MAC","machinecoin","https://www.coingecko.com/en/coins/machinecoin",28,1,37,17
"Macro","MCR","macro","https://www.coingecko.com/en/coins/macro",9.5,1,12,11
"Macron","MCRN","macron","https://www.coingecko.com/en/coins/macron",18,15,7.9,0
"Maecenas","ART","maecenas","https://www.coingecko.com/en/coins/maecenas",29,10,14,27
"Magi","XMG","magi","https://www.coingecko.com/en/coins/magi",41,32,49,31
"MagicCoin","MAGE","magiccoin","https://www.coingecko.com/en/coins/magiccoin",8.1,16,0,7.2
"Magnet","MAG","magnet","https://www.coingecko.com/en/coins/magnet",22,0,15,10
"Magnetcoin","MAGN","magnetcoin","https://www.coingecko.com/en/coins/magnetcoin",9.8,11,13,5.6
"MaidSafeCoin","MAID","maidsafecoin","https://www.coingecko.com/en/coins/maidsafecoin",57,50,73,44
"Maker","MKR","maker","https://www.coingecko.com/en/coins/maker",14,13,0,31
"MangoCoinz","MCZ","mangocoinz","https://www.coingecko.com/en/coins/mangocoinz",8.4,0,13,9.2
"MantraCoin","MNC","mantracoin","https://www.coingecko.com/en/coins/mantracoin",8.7,0,12,0
"Mao Zedong","MAO","mao-zedong","https://www.coingecko.com/en/coins/mao-zedong",16,1,12,0
"MapCoin","MAPC","mapcoin","https://www.coingecko.com/en/coins/mapcoin",6.9,0,12,4.6
"Marinecoin","MTC","marinecoin","https://www.coingecko.com/en/coins/marinecoin",11,0,9.9,24
"MarteXcoin","MXT","martexcoin","https://www.coingecko.com/en/coins/martexcoin",21,1,15,11
"MaryJane","MARYJ","maryjane","https://www.coingecko.com/en/coins/maryjane",13,0,28,13
"Master Swiscoin","MSCN","master-swiscoin","https://www.coingecko.com/en/coins/master-swiscoin",15,0.75,14,0
"MasterTraderCoin","MTR","mastertradercoin","https://www.coingecko.com/en/coins/mastertradercoin",8,0,14,7.9
"Masternodecoin","MTNC","masternodecoin","https://www.coingecko.com/en/coins/masternodecoin",24,9.4,15,13
"Matchpool","GUP","matchpool","https://www.coingecko.com/en/coins/matchpool",43,51,29,34
"Maxcoin","MAX","maxcoin","https://www.coingecko.com/en/coins/maxcoin",36,1,54,31
"Mazacoin","MZC","mazacoin","https://www.coingecko.com/en/coins/mazacoin",34,11,39,32
"MediShares","MDS","medishares","https://www.coingecko.com/en/coins/medishares",19,61,12,5.3
"Megacoin","MEC","megacoin","https://www.coingecko.com/en/coins/megacoin",29,5.7,20,31
"Melon","MLN","melon","https://www.coingecko.com/en/coins/melon",52,38,73,34
"Memetic","MEME","memetic","https://www.coingecko.com/en/coins/memetic",43,48,44,27
"Mercury Protocol","GMT","mercury-protocol","https://www.coingecko.com/en/coins/mercury-protocol",27,22,0,27
"Metal","MTL","metal","https://www.coingecko.com/en/coins/metal",33,58,0,15
"Metal Music Coin","MTLMC3","metal-music-coin","https://www.coingecko.com/en/coins/metal-music-coin",18,1,13,5.5
"Metaverse ETP","ETP","metaverse-etp","https://www.coingecko.com/en/coins/metaverse-etp",56,53,73,40
"MicroMoney","AMM","micromoney","https://www.coingecko.com/en/coins/micromoney",19,30,19,21
"Mincoin","MNC","mincoin","https://www.coingecko.com/en/coins/mincoin",24,1,13,30
"Mineralscoin","MIN","mineralscoin","https://www.coingecko.com/en/coins/mineralscoin",9.7,0,12,15
"Minereum","MNE","minereum","https://www.coingecko.com/en/coins/minereum",22,12,18,3.3
"MinexCoin","MNX","minexcoin","https://www.coingecko.com/en/coins/minexcoin",38,17,41,32
"Mintcoin","MINT","mintcoin","https://www.coingecko.com/en/coins/mintcoin",48,43,55,37
"MobileGo","MGO","mobilego","https://www.coingecko.com/en/coins/mobilego",29,30,0,23
"Modum","MOD","modum","https://www.coingecko.com/en/coins/modum",41,52,18,35
"Moeda Loyalty Points","MDA","moeda-loyalty-points","https://www.coingecko.com/en/coins/moeda-loyalty-points",38,48,16,32
"Moin","MOIN","moin","https://www.coingecko.com/en/coins/moin",25,25,8.3,6.9
"Mojocoin","MOJO","mojocoin","https://www.coingecko.com/en/coins/mojocoin",23,1,28,8.6
"MonaCoin","MONA","monacoin","https://www.coingecko.com/en/coins/monacoin",50,50,48,38
"Monaco","MCO","monaco","https://www.coingecko.com/en/coins/monaco",40,61,0,43
"MonacoCoin","XMCC","monacocoin","https://www.coingecko.com/en/coins/monacocoin",34,17,26,31
"Monero","XMR","monero","https://www.coingecko.com/en/coins/monero",74,77,89,63
"Moneta","MONETA","moneta","https://www.coingecko.com/en/coins/moneta",8.8,1,14,4.7
"MonetaryUnit","MUE","monetaryunit","https://www.coingecko.com/en/coins/monetaryunit",36,39,34,14
"Monetha","MTH","monetha","https://www.coingecko.com/en/coins/monetha",40,53,13,38
"Monkey Project","MONK","monkey-project","https://www.coingecko.com/en/coins/monkey-project",28,22,37,0
"Monocle","MON","monocle","https://www.coingecko.com/en/coins/monocle",13,0,26,12
"Monster Byte","MBI","monster-byte","https://www.coingecko.com/en/coins/monster-byte",14,1,0,0
"Mooncoin","MOON","mooncoin","https://www.coingecko.com/en/coins/mooncoin",36,33,17,31
"MorningStar","MRNG","morningstar","https://www.coingecko.com/en/coins/morningstar",14,1,0,11
"Mothership","MSP","mothership","https://www.coingecko.com/en/coins/mothership",37,32,48,8
"Muse","MUSE","muse","https://www.coingecko.com/en/coins/muse",6.1,0,0,11
"Musicoin","MUSIC","musicoin","https://www.coingecko.com/en/coins/musicoin",44,49,58,14
"Musiconomi","MCI","musiconomi","https://www.coingecko.com/en/coins/musiconomi",10,1,0,29
"MyBit Token","MYB","mybit-token","https://www.coingecko.com/en/coins/mybit-token",0,0,0,0
"MyWish","WISH","mywish","https://www.coingecko.com/en/coins/mywish",0,0,0,0
"Myriadcoin","XMY","myriadcoin","https://www.coingecko.com/en/coins/myriadcoin",50,46,57,40
"Mysterium","MYST","mysterium","https://www.coingecko.com/en/coins/mysterium",47,51,71,8.3
"NAGA","NGC","naga","https://www.coingecko.com/en/coins/naga",19,38,0,34
"NAV Coin","NAV","nav-coin","https://www.coingecko.com/en/coins/nav-coin",56,52,67,46
"NEM","XEM","nem","https://www.coingecko.com/en/coins/nem",64,68,64,51
"NEO","NEO","neo","https://www.coingecko.com/en/coins/neo",74,78,83,64
"NEO GOLD","NEOG","neo-gold","https://www.coingecko.com/en/coins/neo-gold",200,200,200,200
"NVO","NVST","nvo","https://www.coingecko.com/en/coins/nvo",27,6.1,7.9,31
"NXT","NXT","nxt","https://www.coingecko.com/en/coins/nxt",58,62,60,49
"NXTventure","NXTV","nxtventure","https://www.coingecko.com/en/coins/nxtventure",2.8,0,0,0
"Namecoin","NMC","namecoin","https://www.coingecko.com/en/coins/namecoin",50,24,75,39
"NamoCoin","NAMO","namocoin","https://www.coingecko.com/en/coins/namocoin",9.1,1,14,8.3
"Natcoin","NTC","natcoin","https://www.coingecko.com/en/coins/natcoin",4.8,0,0,8
"Nautiluscoin","NAUT","nautiluscoin","https://www.coingecko.com/en/coins/nautiluscoin",26,0,32,24
"Neblio","NEBL","neblio","https://www.coingecko.com/en/coins/neblio",55,71,54,38
"Nekonium","NUKO","nekonium","https://www.coingecko.com/en/coins/nekonium",0,0,0,0
"Neoscoin","NEOS","neoscoin","https://www.coingecko.com/en/coins/neoscoin",30,39,12,9
"Neptunecoin","NTC","neptunecoin","https://www.coingecko.com/en/coins/neptunecoin",2.8,0,0,0
"Netcoin","NET","netcoin","https://www.coingecko.com/en/coins/netcoin",23,16,13,24
"Netko","NETKO","netko","https://www.coingecko.com/en/coins/netko",21,6.8,10,10
"Network Token","NTWK","network-token","https://www.coingecko.com/en/coins/network-token",17,1,0,7.6
"NeuCoin","NEU","neucoin","https://www.coingecko.com/en/coins/neucoin",38,32,35,26
"NeuroDAO","NDAO","neurodao","https://www.coingecko.com/en/coins/neurodao",11,0,0,2.9
"Neutron","NTRN","neutron","https://www.coingecko.com/en/coins/neutron",38,12,54,24
"NewYorkCoin","NYC","newyorkcoin","https://www.coingecko.com/en/coins/newyorkcoin",29,35,19,5.3
"Nexium","NXC","nexium","https://www.coingecko.com/en/coins/nexium",27,37,0,12
"Nexus","NXS","nexus","https://www.coingecko.com/en/coins/nexus",57,56,76,32
"Nexus Social","SCL","nexus-social","https://www.coingecko.com/en/coins/nexus-social",27,16,0,31
"Nimiq","NET","nimiq","https://www.coingecko.com/en/coins/nimiq",52,30,82,32
"NoLimitCoin","NLC2","nolimitcoin","https://www.coingecko.com/en/coins/nolimitcoin",36,27,43,14
"NobleCoin","NOBL","noblecoin","https://www.coingecko.com/en/coins/noblecoin",36,34,27,31
"Node","NODE","node","https://www.coingecko.com/en/coins/node",2.8,0,0,0
"Novacoin","NVC","novacoin","https://www.coingecko.com/en/coins/novacoin",37,5.6,62,18
"NuBits","USNBT","nubits","https://www.coingecko.com/en/coins/nubits",46,49,51,34
"NuShares","NSR","nushares","https://www.coingecko.com/en/coins/nushares",39,0,51,34
"Nuls","NULS","nuls","https://www.coingecko.com/en/coins/nuls",40,57,37,8.1
"Numeraire","NMR","numeraire","https://www.coingecko.com/en/coins/numeraire",33,46,0,29
"NxttyACCI","ACCI","nxttyacci","https://www.coingecko.com/en/coins/nxttyacci",3.6,0,0,3.3
"Nxttycoin","NXTTY","nxttycoin","https://www.coingecko.com/en/coins/nxttycoin",6.6,0,0,15
"Nyancoin","NYAN","nyancoin","https://www.coingecko.com/en/coins/nyancoin",27,1,18,33
"OBITS","OBITS","obits","https://www.coingecko.com/en/coins/obits",23,14,0,12
"OKCash","OK","okcash","https://www.coingecko.com/en/coins/okcash",49,44,53,42
"OX Fina","OX","ox-fina","https://www.coingecko.com/en/coins/ox-fina",200,200,200,200
"Obsidian","ODN","obsidian","https://www.coingecko.com/en/coins/obsidian",0,0,0,0
"Oceanlab","OCL","oceanlab","https://www.coingecko.com/en/coins/oceanlab",21,1,15,11
"Octocoin","888","octocoin","https://www.coingecko.com/en/coins/octocoin",26,0.52,33,17
"OmiseGo","OMG","omisego","https://www.coingecko.com/en/coins/omisego",60,74,55,48
"Omni","Mastercoin","omni","https://www.coingecko.com/en/coins/omni",50,38,70,33
"Onix","ONX","onix","https://www.coingecko.com/en/coins/onix",24,5.8,12,25
"Opal","OPAL","opal","https://www.coingecko.com/en/coins/opal",26,1,43,6.3
"Open Trading Network","OTN","open-trading-network","https://www.coingecko.com/en/coins/open-trading-network",34,19,19,31
"OpenANX","OAX","openanx","https://www.coingecko.com/en/coins/openanx",40,47,30,28
"Operacoin","OCN","operacoin","https://www.coingecko.com/en/coins/operacoin",5.8,0,0,12
"Opus","OPT","opus","https://www.coingecko.com/en/coins/opus",34,27,17,32
"OracleChain","OCT","oraclechain","https://www.coingecko.com/en/coins/oraclechain",20,23,0,0
"Orbitcoin","ORB","orbitcoin","https://www.coingecko.com/en/coins/orbitcoin",27,1.3,39,11
"Ormeus Coin","ORME","ormeus-coin","https://www.coingecko.com/en/coins/ormeus-coin",200,200,200,200
"Oxycoin","OXY","oxycoin","https://www.coingecko.com/en/coins/oxycoin",35,13,30,32
"Oyster Pearl","PRL","oyster-pearl","https://www.coingecko.com/en/coins/oyster-pearl",29,49,0,7.9
"PIVX","PIVX","pivx","https://www.coingecko.com/en/coins/pivx",61,51,80,46
"POLY AI","AI","poly-ai","https://www.coingecko.com/en/coins/poly-ai",7.8,1,0,19
"PRCoin","PRC","prcoin","https://www.coingecko.com/en/coins/prcoin",13,5.2,0,0
"Paccoin","PAC","paccoin","https://www.coingecko.com/en/coins/paccoin",51,57,42,47
"Pakcoin","PAK","pakcoin","https://www.coingecko.com/en/coins/pakcoin",23,6.3,16,14
"Pandacoin","PND","pandacoin","https://www.coingecko.com/en/coins/pandacoin",32,35,38,0
"Pangea Poker","PANGEA","pangea-poker","https://www.coingecko.com/en/coins/pangea-poker",2.9,0,0,0
"Paragon","PRG","paragon","https://www.coingecko.com/en/coins/paragon",39,16,18,58
"ParkByte","PKB","parkbyte","https://www.coingecko.com/en/coins/parkbyte",29,37,14,11
"Particl","PART","particl","https://www.coingecko.com/en/coins/particl",47,42,55,32
"Pascalcoin","PASC","pascalcoin","https://www.coingecko.com/en/coins/pascalcoin",47,35,58,33
"Patientory","PTOY","patientory","https://www.coingecko.com/en/coins/patientory",34,47,0,35
"PayPie","PPP","paypie","https://www.coingecko.com/en/coins/paypie",30,22,0,32
"Paycoin","XPY","paycoin","https://www.coingecko.com/en/coins/paycoin",29,1,60,0
"Payfair","PFR","payfair","https://www.coingecko.com/en/coins/payfair",0,0,0,0
"Paypex","PAYX","paypex","https://www.coingecko.com/en/coins/paypex",23,1,0,25
"Peepcoin","PCN","peepcoin","https://www.coingecko.com/en/coins/peepcoin",4,0,0,4.8
"Peercoin","PPC","peercoin","https://www.coingecko.com/en/coins/peercoin",55,37,79,42
"Peerplays","PPY","peerplays","https://www.coingecko.com/en/coins/peerplays",29,1,15,33
"PeopleCoin","MEN","peoplecoin","https://www.coingecko.com/en/coins/peoplecoin",7.6,1,12,6.4
"PepeCash","PEPECASH","pepecash","https://www.coingecko.com/en/coins/pepecash",30,37,0,23
"Pesetacoin","PTC","pesetacoin","https://www.coingecko.com/en/coins/pesetacoin",30,27,16,22
"Pesobit","PSB","pesobit","https://www.coingecko.com/en/coins/pesobit",18,0,17,13
"PetroDollar","XPD","petrodollar","https://www.coingecko.com/en/coins/petrodollar",23,17,16,5.7
"Phantomx","PNX","phantomx","https://www.coingecko.com/en/coins/phantomx",6.1,1.3,6.7,5.8
"PhilosopherStone","PHS","philosopherstone","https://www.coingecko.com/en/coins/philosopherstone",24,1,43,0
"Phoenixcoin","PXC","phoenixcoin","https://www.coingecko.com/en/coins/phoenixcoin",24,1,20,22
"Phore","PHR","phore","https://www.coingecko.com/en/coins/phore",38,32,48,12
"Piggycoin","PIGGY","piggycoin","https://www.coingecko.com/en/coins/piggycoin",35,17,42,26
"Pillar","PLR","pillar","https://www.coingecko.com/en/coins/pillar",36,31,12,32
"PinkDog","PDG","pinkdog","https://www.coingecko.com/en/coins/pinkdog",3.1,1,0,0
"Pinkcoin","PC","pinkcoin","https://www.coingecko.com/en/coins/pinkcoin",41,39,39,31
"Pipcoin","PIP","pipcoin","https://www.coingecko.com/en/coins/pipcoin",6.9,0,13,2.5
"PiplCoin","PIPL","piplcoin","https://www.coingecko.com/en/coins/piplcoin",16,1,0,7.7
"Pirl","PIRL","pirl","https://www.coingecko.com/en/coins/pirl",39,25,49,27
"PlayerCoin","PLACO","playercoin","https://www.coingecko.com/en/coins/playercoin",0,0,0,0
"PlexCoin","PLX","plexcoin","https://www.coingecko.com/en/coins/plexcoin",10,1.1,0,29
"PlusCoin","PLC","pluscoin","https://www.coingecko.com/en/coins/pluscoin",12,11,16,11
"Pluton","PLU","pluton","https://www.coingecko.com/en/coins/pluton",23,5.7,0,23
"Po.et","POE","po.et","https://www.coingecko.com/en/coins/po.et",200,200,200,200
"PoSToken","POS","postoken","https://www.coingecko.com/en/coins/postoken",0,0,0,0
"PoSW Coin","POSW","posw-coin","https://www.coingecko.com/en/coins/posw-coin",27,27,19,7.8
"Polybius","PLBT","polybius","https://www.coingecko.com/en/coins/polybius",24,32,0,8.1
"Populous","PPT","populous","https://www.coingecko.com/en/coins/populous",36,48,18,8.5
"Potcoin","POT","potcoin","https://www.coingecko.com/en/coins/potcoin",44,44,32,41
"Power Ledger","POWR","power-ledger","https://www.coingecko.com/en/coins/power-ledger",35,63,0,17
"Presearch","PRE","presearch","https://www.coingecko.com/en/coins/presearch",29,15,15,21
"Primalbase","PBT","primalbase","https://www.coingecko.com/en/coins/primalbase",24,33,0,13
"Primas","PST","primas","https://www.coingecko.com/en/coins/primas",24,30,0,6
"Primecoin","XPM","primecoin","https://www.coingecko.com/en/coins/primecoin",45,35,52,36
"Primulon","PRIMU","primulon","https://www.coingecko.com/en/coins/primulon",4.9,1,0,8.2
"Privatix","PRIX","privatix","https://www.coingecko.com/en/coins/privatix",34,16,30,31
"Prizm","PZM","prizm","https://www.coingecko.com/en/coins/prizm",21,1,17,3.9
"ProCurrency","PROC","procurrency","https://www.coingecko.com/en/coins/procurrency",30,32,29,7
"Project Decorum","PDC","project-decorum","https://www.coingecko.com/en/coins/project-decorum",20,22,0,0
"Propy","PRO","propy","https://www.coingecko.com/en/coins/propy",27,37,0,14
"Prospectors Gold","PGL","prospectors-gold","https://www.coingecko.com/en/coins/prospectors-gold",21,0,12,11
"Protean","PRN","protean","https://www.coingecko.com/en/coins/protean",8.2,0,14,6.9
"Publica","PBL","publica","https://www.coingecko.com/en/coins/publica",0,0,0,0
"Pura","PURA","pura","https://www.coingecko.com/en/coins/pura",30,28,15,13
"PureVidz","VIDZ","purevidz","https://www.coingecko.com/en/coins/purevidz",21,1,15,13
"Putin Classic","PUTIC","putin-classic","https://www.coingecko.com/en/coins/putin-classic",6.3,0,13,0
"PutinCoin","PUT","putincoin","https://www.coingecko.com/en/coins/putincoin",24,9.1,0,29
"Pylon Network","PYLNT","pylon-network","https://www.coingecko.com/en/coins/pylon-network",0,0,0,0
"QASH","QASH","qash","https://www.coingecko.com/en/coins/qash",41,63,0,41
"Qbao","QBT","qbao","https://www.coingecko.com/en/coins/qbao",13,45,0,5.8
"Qibuck","QBK","qibuck","https://www.coingecko.com/en/coins/qibuck",9.9,0,13,15
"Qlink","QLC","qlink","https://www.coingecko.com/en/coins/qlink",26,52,14,38
"Qora","QORA","qora","https://www.coingecko.com/en/coins/qora",21,1,61,12
"Qtum","QTUM","qtum","https://www.coingecko.com/en/coins/qtum",71,88,82,49
"Quantstamp","QSP","quantstamp","https://www.coingecko.com/en/coins/quantstamp",41,62,0,44
"Quantum","QAU","quantum","https://www.coingecko.com/en/coins/quantum",11,0,0,31
"Quantum Resistant Ledger","QRL","quantum-resistant-ledger","https://www.coingecko.com/en/coins/quantum-resistant-ledger",54,41,78,35
"Quark","QRK","quark","https://www.coingecko.com/en/coins/quark",36,18,37,29
"Quatloo","QTL","quatloo","https://www.coingecko.com/en/coins/quatloo",21,1,18,12
"QuazarCoin","QCN","quazarcoin","https://www.coingecko.com/en/coins/quazarcoin",25,2.2,25,21
"Qvolta","QVT","qvolta","https://www.coingecko.com/en/coins/qvolta",29,11,15,31
"Qwark","QWARK","qwark","https://www.coingecko.com/en/coins/qwark",26,41,0,8.1
"RChain","RHOC","rchain","https://www.coingecko.com/en/coins/rchain",0,0,0,0
"REAL","REAL","real","https://www.coingecko.com/en/coins/real",30,7,35,14
"REX","REX","rex","https://www.coingecko.com/en/coins/rex",22,1.2,12,11
"RHFCoin","RHFC","rhfcoin","https://www.coingecko.com/en/coins/rhfcoin",4,1,0,4.6
"RSGPcoin","RSGP","rsgpcoin","https://www.coingecko.com/en/coins/rsgpcoin",16,1,12,7.7
"Radium","RADS","radium","https://www.coingecko.com/en/coins/radium",39,50,39,6.5
"RaiBlocks","XRB","raiblocks","https://www.coingecko.com/en/coins/raiblocks",67,63,79,61
"Raiden Network Token","RDN","raiden-network-token","https://www.coingecko.com/en/coins/raiden-network-token",200,200,200,200
"Rasputin Online Coin","ROC","rasputin-online-coin","https://www.coingecko.com/en/coins/rasputin-online-coin",200,200,200,200
"Ratecoin","XRA","ratecoin","https://www.coingecko.com/en/coins/ratecoin",25,0.081,39,7.9
"Razor","RZR","razor","https://www.coingecko.com/en/coins/razor",13,0,27,9.1
"Red Pulse","RPX","red-pulse","https://www.coingecko.com/en/coins/red-pulse",40,59,7.4,35
"Reddcoin","RDD","reddcoin","https://www.coingecko.com/en/coins/reddcoin",62,64,65,58
"Regalcoin","REC","regalcoin","https://www.coingecko.com/en/coins/regalcoin",25,12,0,31
"Renos","RNS","renos","https://www.coingecko.com/en/coins/renos",27,12,30,7
"Request Network","REQ","request-network","https://www.coingecko.com/en/coins/request-network",57,62,53,50
"Revain","R","revain","https://www.coingecko.com/en/coins/revain",35,32,15,30
"Revolvercoin","XRE","revolvercoin","https://www.coingecko.com/en/coins/revolvercoin",19,1,15,5.9
"Rialto","XRL","rialto","https://www.coingecko.com/en/coins/rialto",23,19,0,13
"Riecoin","RIC","riecoin","https://www.coingecko.com/en/coins/riecoin",38,27,41,27
"Rimbit","RBT","rimbit","https://www.coingecko.com/en/coins/rimbit",29,33,29,5.9
"Ripio Credit Network","RCN","ripio-credit-network","https://www.coingecko.com/en/coins/ripio-credit-network",48,62,38,36
"Ripple","XRP","ripple","https://www.coingecko.com/en/coins/ripple",82,99,82,78
"Rise","RISE","rise","https://www.coingecko.com/en/coins/rise",39,48,27,15
"Rivetz","RVT","rivetz","https://www.coingecko.com/en/coins/rivetz",30,24,0,33
"Roofs","ROOFS","roofs","https://www.coingecko.com/en/coins/roofs",7,0,12,5.1
"RouletteToken","RLT","roulettetoken","https://www.coingecko.com/en/coins/roulettetoken",23,4.4,13,21
"Round","ROUND","round","https://www.coingecko.com/en/coins/round",4,0,0,0
"Royal Kingdom Coin","RKC","royal-kingdom-coin","https://www.coingecko.com/en/coins/royal-kingdom-coin",28,32,13,10
"Royalties","XRY","royalties","https://www.coingecko.com/en/coins/royalties",13,0,30,8.7
"Rubycoin","RBY","rubycoin","https://www.coingecko.com/en/coins/rubycoin",39,34,36,26
"Runners","RUNNERS","runners","https://www.coingecko.com/en/coins/runners",8.1,0,12,4.9
"Rupee","RUP","rupee","https://www.coingecko.com/en/coins/rupee",24,19,12,7.2
"SALT","SALT","salt","https://www.coingecko.com/en/coins/salt",39,63,12,16
"SARCoin","SAR","sarcoin","https://www.coingecko.com/en/coins/sarcoin",7.8,0,15,5.1
"SHIELD","XSH","shield","https://www.coingecko.com/en/coins/shield",37,35,44,7.4
"SIBCoin","SIB","sibcoin","https://www.coingecko.com/en/coins/sibcoin",43,32,57,25
"SIGMAcoin","SIGMA","sigmacoin","https://www.coingecko.com/en/coins/sigmacoin",8.1,14,0,10
"SISA","SISA","sisa","https://www.coingecko.com/en/coins/sisa",12,12,13,13
"SOILcoin","SOIL","soilcoin","https://www.coingecko.com/en/coins/soilcoin",20,1,13,15
"SONM","SNM","sonm","https://www.coingecko.com/en/coins/sonm",51,57,73,16
"Safe Exchange Coin","SAFEX","safe-exchange-coin","https://www.coingecko.com/en/coins/safe-exchange-coin",12,17,0,24
"Sakuracoin","SKR","sakuracoin","https://www.coingecko.com/en/coins/sakuracoin",9.9,1,23,3.9
"SaluS","SLS","salus","https://www.coingecko.com/en/coins/salus",32,41,16,7.3
"Sandcoin","SND","sandcoin","https://www.coingecko.com/en/coins/sandcoin",11,1,15,18
"Santiment Network Token","SAN","santiment-network-token","https://www.coingecko.com/en/coins/santiment-network-token",42,49,47,7.9
"Sativacoin","STV","sativacoin","https://www.coingecko.com/en/coins/sativacoin",18,1,14,5.4
"Scotcoin","SCOT","scotcoin","https://www.coingecko.com/en/coins/scotcoin",5.9,0,0,13
"Secretcoin","SCRT","secretcoin","https://www.coingecko.com/en/coins/secretcoin",19,1,13,10
"SegWit2x [Futures]","B2X","segwit2x-[futures]","https://www.coingecko.com/en/coins/segwit2x-[futures]",200,200,200,200
"Senderon","SDRN","senderon","https://www.coingecko.com/en/coins/senderon",21,9.4,0,22
"Sequence","SEQ","sequence","https://www.coingecko.com/en/coins/sequence",42,39,60,7.5
"Sexcoin","SXC","sexcoin","https://www.coingecko.com/en/coins/sexcoin",36,17,43,26
"ShadowCash","SDC","shadowcash","https://www.coingecko.com/en/coins/shadowcash",33,1,58,20
"Sharechain","SSS","sharechain","https://www.coingecko.com/en/coins/sharechain",22,15,12,0
"Shibecoin","SHIBE","shibecoin","https://www.coingecko.com/en/coins/shibecoin",7.5,0,12,6.9
"Shift","SHIFT","shift","https://www.coingecko.com/en/coins/shift",47,38,51,35
"Shilling","SH","shilling","https://www.coingecko.com/en/coins/shilling",19,1,16,6.8
"Siacoin","SC","siacoin","https://www.coingecko.com/en/coins/siacoin",70,76,88,53
"Signatum","SIGT","signatum","https://www.coingecko.com/en/coins/signatum",30,1,41,25
"Simple Token","OST","simple-token","https://www.coingecko.com/en/coins/simple-token",58,65,69,38
"SingularDTV","SNGLS","singulardtv","https://www.coingecko.com/en/coins/singulardtv",48,48,44,38
"SkinCoin","SKIN","skincoin","https://www.coingecko.com/en/coins/skincoin",26,16,21,14
"Skycoin","SKY","skycoin","https://www.coingecko.com/en/coins/skycoin",47,35,80,7.8
"Slevin","SLEVIN","slevin","https://www.coingecko.com/en/coins/slevin",16,0,12,5.2
"Smart Investment Fund Token","SIFT","smart-investment-fund-token","https://www.coingecko.com/en/coins/smart-investment-fund-token",20,0,17,0
"SmartBillions","SMART","smartbillions","https://www.coingecko.com/en/coins/smartbillions",29,1.9,18,25
"SmartCash","SMART","smartcash","https://www.coingecko.com/en/coins/smartcash",52,34,72,38
"SmartMesh","SMT","smartmesh","https://www.coingecko.com/en/coins/smartmesh",16,58,0,7.2
"Smartcoin","SMC","smartcoin","https://www.coingecko.com/en/coins/smartcoin",26,7.2,32,9.3
"Smileycoin","SMLY","smileycoin","https://www.coingecko.com/en/coins/smileycoin",14,1,0,0
"Snovio","SNOV","snovio","https://www.coingecko.com/en/coins/snovio",31,50,0,16
"Soarcoin","SOAR","soarcoin","https://www.coingecko.com/en/coins/soarcoin",32,15,36,16
"SocialxBot","XBOT","socialxbot","https://www.coingecko.com/en/coins/socialxbot",2.8,0,0,0
"SolarFlareCoin","SFC","solarflarecoin","https://www.coingecko.com/en/coins/solarflarecoin",20,1,28,0
"Solarcoin","SLR","solarcoin","https://www.coingecko.com/en/coins/solarcoin",37,46,36,7.7
"Solaris","XLR","solaris","https://www.coingecko.com/en/coins/solaris",42,28,52,25
"SonicScrewdriver","SSD","sonicscrewdriver","https://www.coingecko.com/en/coins/sonicscrewdriver",12,0,30,5.4
"SophiaTX","SPHTX","sophiatx","https://www.coingecko.com/en/coins/sophiatx",20,44,0,35
"Sovereign Hero","HERO","sovereign-hero","https://www.coingecko.com/en/coins/sovereign-hero",14,2.5,0,0
"Spacecoin","SPACE","spacecoin","https://www.coingecko.com/en/coins/spacecoin",21,1,13,17
"Spectrecoin","XSPEC","spectrecoin","https://www.coingecko.com/en/coins/spectrecoin",44,32,50,33
"Sphere","SPHR","sphere","https://www.coingecko.com/en/coins/sphere",33,42,13,19
"Sphre AIR","XID","sphre-air","https://www.coingecko.com/en/coins/sphre-air",13,26,0,19
"SportyFi","SPF","sportyfi","https://www.coingecko.com/en/coins/sportyfi",0,0,0,0
"SpreadCoin","SPR","spreadcoin","https://www.coingecko.com/en/coins/spreadcoin",38,44,32,21
"Sprouts","SPRTS","sprouts","https://www.coingecko.com/en/coins/sprouts",33,35,32,9.8
"StarCash Network","STARS","starcash-network","https://www.coingecko.com/en/coins/starcash-network",19,1,13,8.6
"StarCredits","STRC","starcredits","https://www.coingecko.com/en/coins/starcredits",18,2.2,0,11
"Starta","STA","starta","https://www.coingecko.com/en/coins/starta",20,7.8,0,13
"Startcoin","START","startcoin","https://www.coingecko.com/en/coins/startcoin",41,39,42,28
"Status","SNT","status","https://www.coingecko.com/en/coins/status",66,68,86,45
"Stealthcoin","XST","stealthcoin","https://www.coingecko.com/en/coins/stealthcoin",36,26,32,28
"Steem","STEEM","steem","https://www.coingecko.com/en/coins/steem",58,56,86,17
"Steem Dollars","SBD","steem-dollars","https://www.coingecko.com/en/coins/steem-dollars",60,42,86,48
"Stellar","XLM","stellar","https://www.coingecko.com/en/coins/stellar",74,79,84,64
"Steps","STEPS","steps","https://www.coingecko.com/en/coins/steps",17,1,13,6.7
"Sterlingcoin","SLG","sterlingcoin","https://www.coingecko.com/en/coins/sterlingcoin",27,1,34,21
"Storj","STORJ","storj","https://www.coingecko.com/en/coins/storj",60,61,73,46
"Storm","STORM","storm","https://www.coingecko.com/en/coins/storm",36,43,0,36
"Stox","STX","stox","https://www.coingecko.com/en/coins/stox",19,0,35,29
"Stratis","STRAT","stratis","https://www.coingecko.com/en/coins/stratis",60,66,62,48
"Streamr DATAcoin","DATA","streamr-datacoin","https://www.coingecko.com/en/coins/streamr-datacoin",28,26,15,8.4
"Stress","STS","stress","https://www.coingecko.com/en/coins/stress",16,1,12,0
"StrongHands","SHND","stronghands","https://www.coingecko.com/en/coins/stronghands",9.5,0,27,0
"Substratum","SUB","substratum","https://www.coingecko.com/en/coins/substratum",46,62,15,48
"Sugar Exchange","SGR","sugar-exchange","https://www.coingecko.com/en/coins/sugar-exchange",19,15,0,8.4
"Sumokoin","SUMO","sumokoin","https://www.coingecko.com/en/coins/sumokoin",44,31,56,34
"SunContract","SNC","suncontract","https://www.coingecko.com/en/coins/suncontract",38,41,16,36
"Super Bitcoin [Futures]","SBTC","super-bitcoin-[futures]","https://www.coingecko.com/en/coins/super-bitcoin-[futures]",25,36,54,7.9
"SuperCoin","SUPER","supercoin","https://www.coingecko.com/en/coins/supercoin",18,1.8,0,15
"SuperNET","UNITY","supernet","https://www.coingecko.com/en/coins/supernet",13,0,41,0
"Suretly","SUR","suretly","https://www.coingecko.com/en/coins/suretly",10,7.5,12,11
"SwagBucks","BUCKS","swagbucks","https://www.coingecko.com/en/coins/swagbucks",25,1,35,6.4
"SwapToken","TOKEN","swaptoken","https://www.coingecko.com/en/coins/swaptoken",17,28,0,0
"Swapcoin","SWP","swapcoin","https://www.coingecko.com/en/coins/swapcoin",4.7,1,0,7
"Swarm City","SWT","swarm-city","https://www.coingecko.com/en/coins/swarm-city",47,35,60,33
"Swing","SWING","swing","https://www.coingecko.com/en/coins/swing",18,1,13,0
"Sync","SYNC","sync","https://www.coingecko.com/en/coins/sync",10,0,15,18
"Syndicate","SYNX","syndicate","https://www.coingecko.com/en/coins/syndicate",35,43,30,10
"Synereo","AMP","synereo","https://www.coingecko.com/en/coins/synereo",45,47,39,37
"Synergy","SNRG","synergy","https://www.coingecko.com/en/coins/synergy",27,25,18,4.3
"Syscoin","SYS","syscoin","https://www.coingecko.com/en/coins/syscoin",56,52,67,44
"TIES Network","TIE","ties-network","https://www.coingecko.com/en/coins/ties-network",17,15,11,31
"TaaS","TAAS","taas","https://www.coingecko.com/en/coins/taas",33,35,0,34
"Tacocoin","TCO","tacocoin","https://www.coingecko.com/en/coins/tacocoin",21,0,51,20
"Tagcoin","TAG","tagcoin","https://www.coingecko.com/en/coins/tagcoin",27,1,33,23
"Tao","XTO","tao","https://www.coingecko.com/en/coins/tao",28,1,38,6.5
"Target Coin","TGT","target-coin","https://www.coingecko.com/en/coins/target-coin",200,200,200,200
"Tattoocoin","Limited Edition","tattoocoin","https://www.coingecko.com/en/coins/tattoocoin",18,1,14,5.9
"Tattoocoin","Standard Edition","tattoocoin","https://www.coingecko.com/en/coins/tattoocoin",18,1,14,5.9
"Techcoin","TECH","techcoin","https://www.coingecko.com/en/coins/techcoin",15,0,45,4.8
"TenX","PAY","tenx","https://www.coingecko.com/en/coins/tenx",42,59,0,50
"TerraNova","TER","terranova","https://www.coingecko.com/en/coins/terranova",10,11,12,6.1
"Terracoin","TRC","terracoin","https://www.coingecko.com/en/coins/terracoin",35,14,37,30
"Teslacoin","TES","teslacoin","https://www.coingecko.com/en/coins/teslacoin",26,3.8,38,7.6
"Tether","USDT","tether","https://www.coingecko.com/en/coins/tether",41,97,0,8.5
"Tezos","XTZ","tezos","https://www.coingecko.com/en/coins/tezos",32,35,46,43
"The ChampCoin","TCC","the-champcoin","https://www.coingecko.com/en/coins/the-champcoin",22,1,12,14
"The Cypherfunks","FUNK","the-cypherfunks","https://www.coingecko.com/en/coins/the-cypherfunks",32,12,34,24
"TheGCCcoin","GCC","thegcccoin","https://www.coingecko.com/en/coins/thegcccoin",18,1,0,11
"Theresa May Coin","MAY","theresa-may-coin","https://www.coingecko.com/en/coins/theresa-may-coin",18,1,12,6.9
"Tierion","TNT","tierion","https://www.coingecko.com/en/coins/tierion",0,0,0,0
"TileCoin","XTC","tilecoin","https://www.coingecko.com/en/coins/tilecoin",4,0,0,4.9
"Time New Bank","TNB","time-new-bank","https://www.coingecko.com/en/coins/time-new-bank",44,65,15,32
"Titcoin","TIT","titcoin","https://www.coingecko.com/en/coins/titcoin",22,4.2,11,19
"TittieCoin","TTC","tittiecoin","https://www.coingecko.com/en/coins/tittiecoin",28,23,17,20
"ToaCoin","TOA","toacoin","https://www.coingecko.com/en/coins/toacoin",23,14,15,6.5
"TokenCard","TKN","tokencard","https://www.coingecko.com/en/coins/tokencard",24,26,0,6.9
"Torcoin","TOR","torcoin","https://www.coingecko.com/en/coins/torcoin",22,1,18,18
"Tracto","TRCT","tracto","https://www.coingecko.com/en/coins/tracto",20,1.8,12,9.2
"TradecoinV2","TRADE2","tradecoinv2","https://www.coingecko.com/en/coins/tradecoinv2",5.9,0,13,0
"Transfercoin","TX","transfercoin","https://www.coingecko.com/en/coins/transfercoin",36,36,47,7
"TrezarCoin","TZC","trezarcoin","https://www.coingecko.com/en/coins/trezarcoin",28,12,12,27
"Triangles","TRI","triangles","https://www.coingecko.com/en/coins/triangles",21,6,16,2.8
"Trident Group","TRDT","trident-group","https://www.coingecko.com/en/coins/trident-group",17,7.2,0,7.6
"Triggers","TRIG","triggers","https://www.coingecko.com/en/coins/triggers",30,59,0,0
"Trollcoin","TROLL","trollcoin","https://www.coingecko.com/en/coins/trollcoin",26,2.3,30,15
"Tron","TRX","tron","https://www.coingecko.com/en/coins/tron",56,92,0,68
"Truckcoin","TRK","truckcoin","https://www.coingecko.com/en/coins/truckcoin",26,1,34,16
"TrueFlip","TFL","trueflip","https://www.coingecko.com/en/coins/trueflip",29,33,12,15
"Trumpcoin","TRUMP","trumpcoin","https://www.coingecko.com/en/coins/trumpcoin",27,18,17,20
"TrustPlus","TRUST","trustplus","https://www.coingecko.com/en/coins/trustplus",35,24,39,23
"Tyrocoin","TYC","tyrocoin","https://www.coingecko.com/en/coins/tyrocoin",7.9,0,12,8.5
"UAHPay","UAH","uahpay","https://www.coingecko.com/en/coins/uahpay",7.4,0,12,7
"UFO Coin","UFO","ufo-coin","https://www.coingecko.com/en/coins/ufo-coin",200,200,200,200
"UG Token","UGT","ug-token","https://www.coingecko.com/en/coins/ug-token",7.2,0,0,15
"USDe","USDE","usde","https://www.coingecko.com/en/coins/usde",20,1,10,19
"UTRUST","UTK","utrust","https://www.coingecko.com/en/coins/utrust",36,45,0,39
"Ubiq","UBQ","ubiq","https://www.coingecko.com/en/coins/ubiq",38,44,39,9.5
"Ucoin","U","ucoin","https://www.coingecko.com/en/coins/ucoin",9.3,0,13,12
"Ulatech","ULA","ulatech","https://www.coingecko.com/en/coins/ulatech",14,1,14,2.5
"Ultracoin","UTC","ultracoin","https://www.coingecko.com/en/coins/ultracoin",25,1,16,26
"Unbreakablecoin","UNB","unbreakablecoin","https://www.coingecko.com/en/coins/unbreakablecoin",35,40,31,19
"Unikoin Gold","UKG","unikoin-gold","https://www.coingecko.com/en/coins/unikoin-gold",41,59,17,32
"Unioncoin","UNC","unioncoin","https://www.coingecko.com/en/coins/unioncoin",7.9,1,12,7.9
"United Bitcoin","UBTC","united-bitcoin","https://www.coingecko.com/en/coins/united-bitcoin",18,26,31,6.2
"Unitus","UIS","unitus","https://www.coingecko.com/en/coins/unitus",28,15,18,25
"Universal Currency","UNIT","universal-currency","https://www.coingecko.com/en/coins/universal-currency",27,12,23,11
"UniversalRoyalCoin","UNRC","universalroyalcoin","https://www.coingecko.com/en/coins/universalroyalcoin",3.6,1,0,2.1
"Unobtanium","UNO","unobtanium","https://www.coingecko.com/en/coins/unobtanium",37,8.7,52,26
"Upfiring","UFR","upfiring","https://www.coingecko.com/en/coins/upfiring",32,37,0,35
"Uquid Coin","UQC","uquid-coin","https://www.coingecko.com/en/coins/uquid-coin",10,21,0,13
"Uro","URO","uro","https://www.coingecko.com/en/coins/uro",25,1,35,17
"Useless Ethereum Token","UET","useless-ethereum-token","https://www.coingecko.com/en/coins/useless-ethereum-token",19,1,21,5.9
"UtaCoin","UTA","utacoin","https://www.coingecko.com/en/coins/utacoin",5.8,1,12,0
"UtilityCoin","UTIL","utilitycoin","https://www.coingecko.com/en/coins/utilitycoin",7.1,0,12,4.6
"VIBE","VIBE","vibe","https://www.coingecko.com/en/coins/vibe",34,45,14,13
"VIVO","VIVO","vivo","https://www.coingecko.com/en/coins/vivo",31,22,22,25
"VOISE","VSM","voise","https://www.coingecko.com/en/coins/voise",6.6,0,12,2.8
"VPNCoin","VPN","vpncoin","https://www.coingecko.com/en/coins/vpncoin",9.6,0,21,6.3
"Vcash","XVC","vcash","https://www.coingecko.com/en/coins/vcash",37,33,41,18
"VeChain","VEN","vechain","https://www.coingecko.com/en/coins/vechain",56,75,31,55
"Veltor","VLT","veltor","https://www.coingecko.com/en/coins/veltor",17,1,14,0
"Verge","XVG","verge","https://www.coingecko.com/en/coins/verge",72,80,85,60
"VeriCoin","VRC","vericoin","https://www.coingecko.com/en/coins/vericoin",52,63,48,41
"Verify","CRED","verify","https://www.coingecko.com/en/coins/verify",33,34,0,35
"Veritaseum","VERI","veritaseum","https://www.coingecko.com/en/coins/veritaseum",31,31,14,12
"VeriumReserve","VRM","veriumreserve","https://www.coingecko.com/en/coins/veriumreserve",46,45,45,40
"Veros","VRS","veros","https://www.coingecko.com/en/coins/veros",16,18,0,0
"Vertcoin","VTC","vertcoin","https://www.coingecko.com/en/coins/vertcoin",58,53,62,56
"Viacoin","VIA","viacoin","https://www.coingecko.com/en/coins/viacoin",47,43,51,36
"Viberate","VIB","viberate","https://www.coingecko.com/en/coins/viberate",41,54,12,36
"Virtacoinplus","XVP","virtacoinplus","https://www.coingecko.com/en/coins/virtacoinplus",23,1,17,24
"VirtualCoin","VC","virtualcoin","https://www.coingecko.com/en/coins/virtualcoin",23,1,31,8
"Visio","VISIO","visio","https://www.coingecko.com/en/coins/visio",20,1,14,6.5
"Viuly","VIU","viuly","https://www.coingecko.com/en/coins/viuly",17,35,0,30
"Vootcoin","VOOT","vootcoin","https://www.coingecko.com/en/coins/vootcoin",9.4,0,13,13
"VoteCoin","VOT","votecoin","https://www.coingecko.com/en/coins/votecoin",29,1,43,18
"Voxels","VOX","voxels","https://www.coingecko.com/en/coins/voxels",31,53,0,14
"Vsync","VSX","vsync","https://www.coingecko.com/en/coins/vsync",25,1,29,7.1
"Vulcano","VULC","vulcano","https://www.coingecko.com/en/coins/vulcano",13,1,14,25
"WAX","WAX","wax","https://www.coingecko.com/en/coins/wax",0,0,0,0
"WINCOIN","WC","wincoin","https://www.coingecko.com/en/coins/wincoin",33,38,16,15
"WMCoin","WMC","wmcoin","https://www.coingecko.com/en/coins/wmcoin",16,1,13,0
"WaBi","WABI","wabi","https://www.coingecko.com/en/coins/wabi",40,61,0,42
"Wagerr","WGR","wagerr","https://www.coingecko.com/en/coins/wagerr",37,34,13,37
"Wallet Builders Coin","WBC","wallet-builders-coin","https://www.coingecko.com/en/coins/wallet-builders-coin",7.8,0,13,5.7
"Walton","WTC","walton","https://www.coingecko.com/en/coins/walton",43,61,0,48
"Wankcoin","WKC","wankcoin","https://www.coingecko.com/en/coins/wankcoin",10,0,15,16
"Waves","WAVES","waves","https://www.coingecko.com/en/coins/waves",64,65,77,49
"WeTrust","TRST","wetrust","https://www.coingecko.com/en/coins/wetrust",50,38,59,36
"WexCoin","WEX","wexcoin","https://www.coingecko.com/en/coins/wexcoin",13,0,12,0
"WhaleCoin","WHL","whalecoin","https://www.coingecko.com/en/coins/whalecoin",0,0,0,0
"Whitecoin","XWC","whitecoin","https://www.coingecko.com/en/coins/whitecoin",36,25,27,31
"Wi Coin","WIC","wi-coin","https://www.coingecko.com/en/coins/wi-coin",200,200,200,200
"Wild Beast Block","WBB","wild-beast-block","https://www.coingecko.com/en/coins/wild-beast-block",14,1,0,6.1
"Wild Crypto","WILD","wild-crypto","https://www.coingecko.com/en/coins/wild-crypto",31,25,30,11
"Wings","WINGS","wings","https://www.coingecko.com/en/coins/wings",38,55,0,36
"WomenCoin","WOMEN","womencoin","https://www.coingecko.com/en/coins/womencoin",17,1,12,9.4
"Woodcoin","LOG","woodcoin","https://www.coingecko.com/en/coins/woodcoin",24,1,29,8.6
"Worldcoin","WDC","worldcoin","https://www.coingecko.com/en/coins/worldcoin",33,11,42,23
"Worldcore","WRC","worldcore","https://www.coingecko.com/en/coins/worldcore",30,32,0,27
"X-Coin","XCO","x-coin","https://www.coingecko.com/en/coins/x-coin",200,200,200,200
"XGOX","XGOX","xgox","https://www.coingecko.com/en/coins/xgox",28,19,26,12
"XP","XP","xp","https://www.coingecko.com/en/coins/xp",39,55,0,39
"XPlay","XPA","xplay","https://www.coingecko.com/en/coins/xplay",17,0,0,5.6
"XTD Coin","XTD","xtd-coin","https://www.coingecko.com/en/coins/xtd-coin",200,200,200,200
"Xaurum","XAUR","xaurum","https://www.coingecko.com/en/coins/xaurum",28,22,16,15
"Xenixcoin","XEN","xenixcoin","https://www.coingecko.com/en/coins/xenixcoin",5.8,0,12,0
"Xenon","XNN","xenon","https://www.coingecko.com/en/coins/xenon",20,6.7,0,6.9
"Xiaomicoin","MI","xiaomicoin","https://www.coingecko.com/en/coins/xiaomicoin",11,0,28,5.8
"Xios","XIOS","xios","https://www.coingecko.com/en/coins/xios",5.9,0,12,0
"XtraBYtes","XBY","xtrabytes","https://www.coingecko.com/en/coins/xtrabytes",49,40,51,41
"YENTEN","YTN","yenten","https://www.coingecko.com/en/coins/yenten",16,5.8,9.8,0
"YOYOW","YOYOW","yoyow","https://www.coingecko.com/en/coins/yoyow",20,8.8,0,7.5
"YashCoin","YASH","yashcoin","https://www.coingecko.com/en/coins/yashcoin",19,1,12,7.3
"Ybcoin","YBC","ybcoin","https://www.coingecko.com/en/coins/ybcoin",12,0,36,0
"Yellow Token","YEL","yellow-token","https://www.coingecko.com/en/coins/yellow-token",200,200,200,200
"YoGold","YOG","yogold","https://www.coingecko.com/en/coins/yogold",6.7,0,0,15
"Yocoin","YOC","yocoin","https://www.coingecko.com/en/coins/yocoin",22,8.1,12,12
"ZCash Gold","ZCG","zcash-gold","https://www.coingecko.com/en/coins/zcash-gold",16,1,0,5.9
"ZCoin","XZC","zcoin","https://www.coingecko.com/en/coins/zcoin",59,53,77,42
"ZcCoin","ZCC","zccoin","https://www.coingecko.com/en/coins/zccoin",7.3,0,18,0
"Zcash","ZEC","zcash","https://www.coingecko.com/en/coins/zcash",69,77,88,48
"Zclassic","ZCL","zclassic","https://www.coingecko.com/en/coins/zclassic",55,61,60,38
"Zeitcoin","ZEIT","zeitcoin","https://www.coingecko.com/en/coins/zeitcoin",36,15,40,29
"ZenCash","ZEN","zencash","https://www.coingecko.com/en/coins/zencash",51,47,57,38
"Zennies","ZENI","zennies","https://www.coingecko.com/en/coins/zennies",19,1,13,5.8
"Zephyr","ZEPH","zephyr","https://www.coingecko.com/en/coins/zephyr",23,12,0,19
"Zero","ZER","zero","https://www.coingecko.com/en/coins/zero",28,36,23,0
"Zetacoin","ZET","zetacoin","https://www.coingecko.com/en/coins/zetacoin",32,7.4,36,28
"Zeusshield","ZSC","zeusshield","https://www.coingecko.com/en/coins/zeusshield",28,49,0,7.3
"ZoZoCoin","ZZC","zozocoin","https://www.coingecko.com/en/coins/zozocoin",18,0,12,6
"Zonecoin","ZNE","zonecoin","https://www.coingecko.com/en/coins/zonecoin",17,1,13,11
"ZrCoin","ZRC","zrcoin","https://www.coingecko.com/en/coins/zrcoin",20,9.5,0,14
"Zurcoin","ZUR","zurcoin","https://www.coingecko.com/en/coins/zurcoin",17,1,15,0
"adToken","ADT","adtoken","https://www.coingecko.com/en/coins/adtoken",41,47,33,26
"aelf","ELF","aelf","https://www.coingecko.com/en/coins/aelf",35,74,0,8.6
"bitBTC","BITBTC","bitbtc","https://www.coingecko.com/en/coins/bitbtc",15,12,0,0
"bitCNY","BITCNY","bitcny","https://www.coingecko.com/en/coins/bitcny",200,200,200,200
"bitJob","STU","bitjob","https://www.coingecko.com/en/coins/bitjob",26,22,12,15
"bitqy","BQ","bitqy","https://www.coingecko.com/en/coins/bitqy",19,1,0,11
"district0x","DNT","district0x","https://www.coingecko.com/en/coins/district0x",56,58,68,42
"eBIT","EBIT","ebit","https://www.coingecko.com/en/coins/ebit",8.4,1,12,9.4
"eBitcoin","EBTC","ebitcoin","https://www.coingecko.com/en/coins/ebitcoin",33,1,58,13
"eBitcoin Cash","EBCH","ebitcoin-cash","https://www.coingecko.com/en/coins/ebitcoin-cash",18,1,0,13
"eBoost","EBST","eboost","https://www.coingecko.com/en/coins/eboost",29,54,0,12
"eGold","EGOLD","egold","https://www.coingecko.com/en/coins/egold",9.7,1,17,5.5
"eLTC","ELTC2","eltc","https://www.coingecko.com/en/coins/eltc",4.7,1,0,6.6
"eREAL","EREAL","ereal","https://www.coingecko.com/en/coins/ereal",15,1,0,6.5
"eUSD","EUSD","eusd","https://www.coingecko.com/en/coins/eusd",4.7,1,0,7.1
"iBTC","IBTC","ibtc","https://www.coingecko.com/en/coins/ibtc",5,1,0,7.6
"iEthereum","IETH","iethereum","https://www.coingecko.com/en/coins/iethereum",8.5,0,12,6.9
"iExec RLC","RLC","iexec-rlc","https://www.coingecko.com/en/coins/iexec-rlc",35,41,0,37
"iQuant","IQT","iquant","https://www.coingecko.com/en/coins/iquant",4.8,1,0,7.5
"jl777hodl","JLH","jl777hodl","https://www.coingecko.com/en/coins/jl777hodl",2.8,0,0,0
"vSlice","VSL","vslice","https://www.coingecko.com/en/coins/vslice",21,1,13,12
"vTorrent","VTR","vtorrent","https://www.coingecko.com/en/coins/vtorrent",24,26,13,0
"xCash","XCASH","xcash","https://www.coingecko.com/en/coins/xcash",7.7,0,13,5.4
